id,Institution Name,Tuition and fees- 2011-12,Total price for in-district students living on campus  2011-12,Total price for in-state students living on campus 2011-12,Total price for out-of-state students living on campus 2011-12,Total price for in-district students living off campus (not with family)  2011-12,Total price for in-state students living off campus (not with family)  2011-12,Total price for out-of-state students living off campus (not with family)  2011-12,Total price for in-district students living off campus (with family)  2011-12,Total price for in-state students living off campus (with family)  2011-12,Total price for out-of-state students living off campus (with family)  2011-12
100654,Alabama A & M University,6828,17688,17688,23016,16238,16238,21566,9928,9928,15256
100663,University of Alabama at Birmingham,6264,21153,21153,29145,21153,21153,29145,11439,11439,19431
100690,Amridge University,8720,,,,21020,21020,21020,11420,11420,11420
100706,University of Alabama at Huntsville,8094,21691,21691,33021,21691,21691,33021,13761,13761,25091
100724,Alabama State University,8082,17592,17592,23904,20174,20174,26486,12854,12854,19166
100751,The University of Alabama,8600,23939,23939,37239,,,,,,
100830,Auburn University at Montgomery,7580,15450,15450,29310,19270,19270,33130,11480,11480,25340
100858,Auburn University,8698,22352,22352,36926,22352,22352,36926,12360,12360,26934
100937,Birmingham Southern College,29290,41270,41270,41270,41225,41225,41225,31450,31450,31450
101189,Faulkner University,15880,27830,27830,27830,28980,28980,28980,21580,21580,21580
101435,Huntingdon College,21990,32025,32025,32025,30025,30025,30025,24025,24025,24025
101879,University of North Alabama,6084,15174,15174,20070,15284,15284,20180,9684,9684,14580
101912,Oakwood University,14678,33441,33441,33441,,,,,,
102094,University of South Alabama,6204,17436,17436,23340,18790,18790,24694,11166,11166,17070
102234,Spring Hill College,28060,42770,42770,42770,39670,39670,39670,32010,32010,32010
102270,Stillman College,15062,25548,25548,25548,,,,,,
102553,University of Alaska Anchorage,5396,17917,17917,29557,21206,21206,32846,10277,10277,21917
102669,Alaska Pacific University,27110,40460,40460,40460,45110,45110,45110,31510,31510,31510
103723,Collins College,12650,,,,29268,29268,29268,21588,21588,21588
104151,Arizona State University,9720,25548,25548,38147,23928,23928,36527,15276,15276,27875
104179,University of Arizona,9286,22366,22366,38576,28566,28566,44776,14446,14446,30656
104188,Southwest University of Visual Arts-Tucson,27665,,,,50641,50641,50641,35653,35653,35653
104531,DeVry University-Arizona,15248,,,,33590,33590,33590,22260,22260,22260
104586,Embry-Riddle Aeronautical University-Prescott,29552,44052,44052,44052,,,,,,
104665,Frank Lloyd Wright School of Architecture,,,,,,,,,,
104717,Grand Canyon University,16500,32100,32100,32100,28500,28500,28500,21700,21700,21700
105330,Northern Arizona University,8826,22730,22730,35086,24408,24408,36764,14256,14256,26612
105367,Ottawa University-Phoenix,,,,,,,,,,
105589,Prescott College,27829,38249,38249,38249,,,,,,
105899,Arizona Christian University,18968,34806,34806,34806,39661,39661,39661,24249,24249,24249
106102,Western International University,10560,,,,27480,27480,27480,19992,19992,19992
106245,University of Arkansas at Little Rock,6937,20523,20523,30033,21463,21463,30973,13201,13201,22711
106263,University of Arkansas for Medical Sciences,,,,,,,,,,
106306,Arkansas Baptist College,7800,20675,20675,20675,20675,20675,20675,17725,17725,17725
106397,University of Arkansas,7174,20464,20464,30896,20464,20464,30896,12134,12134,22566
106412,University of Arkansas at Pine Bluff,5435,17285,17285,22589,16605,16605,21909,10575,10575,15879
106458,Arkansas State University-Main Campus,6934,18613,18613,23917,28893,28893,34197,11715,11715,17019
107600,Philander Smith College,11910,23676,23676,23676,26650,26650,26650,17154,17154,17154
108232,Academy of Art University,18050,36202,36202,36202,34628,34628,34628,23891,23891,23891
109651,Art Center College of Design,34044,,,,58066,58066,58066,44536,44536,44536
110060,Bethesda University of California,7620,,,,20220,20220,20220,13420,13420,13420
110185,Brooks Institute,17880,,,,33567,33567,33567,22831,22831,22831
110316,California Institute of Integral Studies,,,,,,,,,,
110361,California Baptist University,25808,39258,39258,39258,42384,42384,42384,31648,31648,31648
110370,California College of the Arts,37040,52240,52240,52240,52150,52150,52150,42940,42940,42940
110404,California Institute of Technology,37704,54090,54090,54090,53940,53940,53940,43212,43212,43212
110413,California Lutheran University,32860,48782,48782,48782,49538,49538,49538,38801,38801,38801
110468,Alliant International University,,,,,,,,,,
110486,California State University-Bakersfield,6682,20383,20383,31543,23296,23296,34456,12262,12262,23422
110510,California State University-San Bernardino,6518,21063,21063,32223,23171,23171,34331,11966,11966,23126
110529,California State Polytechnic University-Pomona,6106,20914,20914,32074,21601,21601,32761,10327,10327,21487
110538,California State University-Chico,6890,23100,23100,34260,23100,23100,34260,11962,11962,23122
110547,California State University-Dominguez Hills,6095,21690,21690,32350,23112,23112,33772,11677,11677,22337
110556,California State University-Fresno,6263,21069,21069,32229,21693,21693,32853,11009,11009,22169
110565,California State University-Fullerton,6120,22220,22220,33380,24020,24020,35180,12020,12020,23180
110574,California State University-East Bay,6414,23772,23772,34932,24588,24588,35748,12510,12510,23670
110583,California State University-Long Beach,6240,23008,23008,34168,22607,22607,33767,12048,12048,23208
110592,California State University-Los Angeles,6095,21335,21335,32495,24407,24407,35567,12401,12401,23561
110608,California State University-Northridge,6488,24880,24880,36040,24880,24880,36040,12884,12884,24044
110617,California State University-Sacramento,6573,23427,23427,34587,24323,24323,35483,12373,12373,23533
110635,University of California-Berkeley,12834,32632,32632,55510,28161,28161,51039,23492,23492,46370
110662,University of California-Los Angeles,12686,31556,31556,54434,28682,28682,51560,23250,23250,46128
110671,University of California-Riverside,12924,30335,30335,53213,27710,27710,50588,23204,23204,46082
110680,University of California-San Diego,13200,29506,29506,52384,28584,28584,51462,23416,23416,46294
110714,University of California-Santa Cruz,13416,33015,33015,55893,29210,29210,52088,24089,24089,46967
110918,California Christian College,7610,16573,16573,16573,23295,23295,23295,12423,12423,12423
111188,California Maritime Academy,6536,22778,22778,33938,24938,24938,36098,12932,12932,24092
111948,Chapman University,40234,56341,56341,56341,56057,56057,56057,44998,44998,44998
112075,Concordia University-Irvine,27300,40610,40610,40610,43900,43900,43900,33120,33120,33120
112312,Cleveland Chiropractic College of Los Angeles,,,,,,,,,,
112570,Columbia College Hollywood,18080,33775,33775,33775,33775,33775,33775,22912,22912,22912
113582,Design Institute of San Diego,18480,,,,34874,34874,34874,24137,24137,24137
113607,DeVry University-California,15188,,,,33532,33532,33532,22201,22201,22201
113698,Dominican University of California,37350,56000,56000,56000,53928,53928,53928,43191,43191,43191
114813,Fresno Pacific University,24790,35932,35932,35932,29946,29946,29946,27146,27146,27146
115083,Golden Gate University-San Francisco,,,,,,,,,,
115728,Holy Names University,30390,45402,45402,45402,46968,46968,46968,36231,36231,36231
115773,Humphreys College-Stockton and Modesto Campuses,10620,,,,27198,27198,27198,16461,16461,16461
116846,American Jewish University,25788,44144,44144,44144,47030,47030,47030,31056,31056,31056
117113,The Art Institute of California-San Diego,18748,35152,35152,35152,35326,35326,35326,24484,24484,24484
117557,Lincoln University,9220,,,,19840,19840,19840,11260,11260,11260
117627,La Sierra University,27231,39333,39333,39333,44133,44133,44133,35061,35061,35061
117928,The Art Institute of California-San Francisco,18948,33381,33381,33381,35526,35526,35526,29136,29136,29136
117946,Loyola Marymount University,37825,55299,55299,55299,54403,54403,54403,43666,43666,43666
118888,Mills College,39264,54000,54000,54000,54538,54538,54538,43900,43900,43900
119173,Mount St. Mary's College,31339,47270,47270,47270,48017,48017,48017,37145,37145,37145
119544,The National Hispanic University,7908,,,,27142,27142,27142,13350,13350,13350
119775,Newschool of Architecture and Design,23417,,,,47333,47333,47333,29333,29333,29333
120254,Occidental College,42871,58343,58343,58343,55092,55092,55092,46353,46353,46353
120403,Otis College of Art and Design,35404,51404,51404,51404,51404,51404,51404,40504,40504,40504
120537,Hope International University,24064,37856,37856,37856,,,,,,
120768,Pacific Oaks College,,,,,,,,,,
120838,Pacific States University,17160,29960,29960,29960,30860,30860,30860,25760,25760,25760
120883,University of the Pacific,36290,52730,52730,52730,52868,52868,52868,42131,42131,42131
121071,Patten University,13440,24718,24718,24718,28776,28776,28776,18174,18174,18174
121309,Point Loma Nazarene University,28310,41862,41862,41862,44888,44888,44888,34151,34151,34151
121381,Westwood College-South Bay,15020,,,,32679,32679,32679,27244,27244,27244
121691,University of Redlands,37302,53292,53292,53292,53900,53900,53900,43196,43196,43196
122296,Samuel Merritt University,,,,,,,,,,
122409,San Diego State University,6578,23756,23756,34916,23296,23296,34456,12515,12515,23675
122436,University of San Diego,38582,55086,55086,55086,55160,55160,55160,44423,44423,44423
122454,San Francisco Art Institute,34916,53105,53105,53105,53739,53739,53739,40289,40289,40289
122506,San Francisco Conservatory of Music,36780,,,,50875,50875,50875,39625,39625,39625
122597,San Francisco State University,6276,23700,23700,34860,25086,25086,36246,12672,12672,23832
122612,University of San Francisco,37424,54774,54774,54774,54774,54774,54774,42074,42074,42074
122755,San Jose State University,6828,23671,23671,34831,,,,,,
122843,Westwood College-Los Angeles,15121,,,,32013,32013,32013,26852,26852,26852
122931,Santa Clara University,39048,55797,55797,55797,55626,55626,55626,44889,44889,44889
123280,Shasta Bible College and Graduate School,10320,26222,26222,26222,32064,32064,32064,17602,17602,17602
123633,South Baylo University,,,,,,,,,,
123651,Vanguard University of Southern California,27400,40585,40585,40585,43978,43978,43978,37588,37588,37588
123952,Southern California Institute of Architecture,30600,,,,47050,47050,47050,37439,37439,37439
123961,University of Southern California,42818,57876,57876,57876,57876,57876,57876,47858,47858,47858
125231,Walden University,10610,,,,31010,31010,31010,17510,17510,17510
125897,Woodbury University,29994,44549,44549,44549,47242,47242,47242,36083,36083,36083
126076,Yeshiva Ohr Elchonon Chabad West Coast Talmudical Seminary,12200,23000,23000,23000,,,,,,
126562,University of Colorado Denver,7394,21774,21774,34950,,,,,,
126580,University of Colorado-Colorado Springs,6512,22598,22598,33462,22150,22150,33014,10680,10680,21544
126614,University of Colorado Boulder,9152,27236,27236,48414,,,,,,
126678,Colorado College,40050,52150,52150,52150,,,,42184,42184,42184
126702,The Art Institute of Colorado,17832,33081,33081,33081,31272,31272,31272,27690,27690,27690
126818,Colorado State University-Fort Collins,7952,20482,20482,36182,19932,19932,35632,11310,11310,27010
126827,Colorado Technical University-Colorado Springs,10665,,,,23625,23625,23625,14769,14769,14769
127060,University of Denver,37833,52751,52751,52751,51560,51560,51560,41120,41120,41120
127556,Colorado Mesa University,6548,20471,20471,30649,20200,20200,30378,10878,10878,21056
127565,Metropolitan State College of Denver,4834,,,,17532,17532,28388,13375,13375,24231
127653,Naropa University,26360,40822,40822,40822,41092,41092,41092,32249,32249,32249
127680,National American University-Colorado Springs,13238,,,,25277,25277,25277,18122,18122,18122
127714,Nazarene Bible College,11250,,,,25050,25050,25050,15100,15100,15100
127741,University of Northern Colorado,6623,19663,19663,31185,20187,20187,31709,10113,10113,21635
127918,Regis University,31188,45283,45283,45283,44973,44973,44973,35627,35627,35627
128106,Colorado State University-Pueblo,6270,19446,19446,26146,19576,19576,26276,10720,10720,17420
128425,Yeshiva Toras Chaim Talmudical Seminary,8050,19250,19250,19250,22026,22026,22026,13850,13850,13850
128498,Albertus Magnus College,26294,43648,43648,43648,44184,44184,44184,33096,33096,33096
128744,University of Bridgeport,27330,45573,45573,45573,45673,45673,45673,35773,35773,35773
128902,Connecticut College,43990,57270,57270,57270,,,,,,
129525,University of Hartford,30754,45164,45164,45164,42964,42964,42964,33244,33244,33244
129774,Mitchell College,27714,44806,44806,44806,48694,48694,48694,30738,30738,30738
130314,Saint Joseph College,30310,44630,44630,44630,44630,44630,44630,32930,32930,32930
130493,Southern Connecticut State University,8248,20313,20313,30937,19897,19897,30521,10960,10960,21584
130590,Trinity College,44070,57575,57575,57575,,,,,,
130624,United States Coast Guard Academy,0,0,0,0,,,,,,
130697,Wesleyan University,43674,58371,58371,58371,,,,,,
130776,Western Connecticut State University,8104,21952,21952,32576,22450,22450,33074,12328,12328,22952
130794,Yale University,40500,58250,58250,58250,,,,,,
130934,Delaware State University,7056,22242,22242,30238,25528,25528,33524,13920,13920,21916
131098,Wesley College,21565,35605,35605,35605,35905,35905,35905,25965,25965,25965
131159,American University,38071,53653,53653,53653,53653,53653,53653,40705,40705,40705
131283,Catholic University of America,35460,53184,53184,53184,,,,,,
131308,Corcoran College of Art and Design,30140,46810,46810,46810,46640,46640,46640,36940,36940,36940
131399,University of the District of Columbia,7000,,,,25366,25366,32366,12200,12200,19200
131450,Gallaudet University,11986,27974,27974,27974,27974,27974,27974,17467,17467,17467
131469,George Washington University,44148,57148,57148,57148,,,,,,
131496,Georgetown University,41393,58125,58125,58125,,,,,,
131520,Howard University,20171,39237,39237,39237,,,,,,
131803,Strayer University-District of Columbia,14805,,,,31374,31374,31374,20457,20457,20457
131876,Trinity Washington University,20975,33245,33245,33245,35535,35535,35535,24535,24535,24535
132602,Bethune-Cookman University,13990,27030,27030,27030,,,,,,
132657,Lynn University,31700,47650,47650,47650,,,,,,
133085,Clearwater Christian College,16315,28485,28485,28485,33415,33415,33415,23415,23415,23415
133492,Eckerd College,34546,48488,48488,48488,48488,48488,48488,38266,38266,38266
133526,Edward Waters College,10994,22750,22750,22750,,,,,,
133553,Embry-Riddle Aeronautical University-Daytona Beach,29852,44352,44352,44352,,,,,,
133650,Florida Agricultural and Mechanical University,5187,18219,18219,30160,18449,18449,30390,10275,10275,22216
133669,Florida Atlantic University,4264,19814,19814,31322,19438,19438,30946,9749,9749,21257
133872,Florida Hospital College of Health Sciences,10030,22524,22524,22524,28250,28250,28250,16980,16980,16980
133881,Florida Institute of Technology,34990,51010,51010,51010,,,,,,
134079,Florida Southern College,26112,37400,37400,37400,37400,37400,37400,28592,28592,28592
134097,Florida State University,5826,20372,20372,35498,20372,20372,35498,10960,10960,26086
134130,University of Florida,5657,19257,19257,41534,19257,19257,41534,10457,10457,32734
134811,AI Miami International University of Art and Design,17704,33319,33319,33319,31144,31144,31144,27562,27562,27562
134945,Jacksonville University,27900,41194,41194,41194,42440,42440,42440,31654,31654,31654
135063,Jones College-Jacksonville,7410,,,,15771,15771,15771,10682,10682,10682
136172,University of North Florida,5627,19057,19057,32445,19285,19285,32673,10605,10605,23993
136206,Northwood University-Florida,20140,32952,32952,32952,32658,32658,32658,24508,24508,24508
136330,Palm Beach Atlantic University-West Palm Beach,24100,37010,37010,37010,37350,37350,37350,29196,29196,29196
136774,Ringling College of Art and Design,34840,53340,53340,53340,53340,53340,53340,38340,38340,38340
137351,University of South Florida-Main Campus,5800,20590,20590,29780,,,,,,
137564,Southeastern University,17718,29538,29538,29538,29318,29318,29318,20118,20118,20118
137777,Talmudic College of Florida,10500,21900,21900,21900,28400,28400,28400,17400,17400,17400
137847,The University of Tampa,23976,36705,36705,36705,33700,33700,33700,28153,28153,28153
137953,Trinity Baptist College,8730,16130,16130,16130,21390,21390,21390,12430,12430,12430
138354,The University of West Florida,4701,17395,17395,28560,18095,18095,29260,9701,9701,20866
138716,Albany State University,5802,18842,18842,30456,20452,20452,32066,10960,10960,22574
138789,Armstrong Atlantic State University,4854,20066,20066,29357,21420,21420,30711,14540,14540,23831
138813,The Art Institute of Atlanta,17796,35328,35328,35328,31236,31236,31236,27654,27654,27654
138947,Clark Atlanta University,18912,33862,33862,33862,,,,,,
138983,Augusta State University,5742,20192,20192,31806,17934,17934,29548,9942,9942,21556
139153,Beulah Heights University,8940,15040,15040,15040,15240,15240,15240,9740,9740,9740
139199,Brenau University,21124,34940,34940,34940,32999,32999,32999,25299,25299,25299
139366,Columbus State University,5457,19039,19039,30848,19721,19721,31530,11068,11068,22877
139579,South University-Savannah,15910,29404,29404,29404,29050,29050,29050,25468,25468,25468
139755,Georgia Institute of Technology-Main Campus,9652,21098,21098,39308,23196,23196,41406,12272,12272,30482
139940,Georgia State University,9410,24198,24198,42408,23675,23675,41885,14900,14900,33110
139959,University of Georgia,9472,20820,20820,39030,20820,20820,39030,13046,13046,31256
140252,Life University,8815,28945,28945,28945,28945,28945,28945,15565,15565,15565
140340,Herzing University-Atlanta,11760,,,,27627,27627,27627,20130,20130,20130
140401,Georgia Health Sciences University,,,,,,,,,,
140447,Mercer University,31548,45807,45807,45807,45807,45807,45807,35399,35399,35399
140553,Morehouse College,23792,43601,43601,43601,,,,,,
140720,Paine College,12502,22620,22620,22620,22620,22620,22620,15656,15656,15656
140951,Savannah College of Art and Design,31010,47465,47465,47465,47465,47465,47465,35210,35210,35210
140960,Savannah State University,6032,16236,16236,27850,17559,17559,29173,9832,9832,21446
140988,Shorter University,17870,30540,30540,30540,35500,35500,35500,22850,22850,22850
141060,Spelman College,23254,40540,40540,40540,,,,,,
141097,Southern Polytechnic State University,5500,16992,16992,27488,22230,22230,32726,11300,11300,21796
141264,Valdosta State University,5697,20193,20193,29774,,,,,,
141325,Wesleyan College,18500,30000,30000,30000,22800,22800,22800,21800,21800,21800
141486,Chaminade University of Honolulu,18440,32858,32858,32858,33778,33778,33778,21758,21758,21758
141574,University of Hawaii at Manoa,9100,22071,22071,36903,24335,24335,39167,11574,11574,26406
141644,Hawaii Pacific University,16610,32030,32030,32030,32030,32030,32030,19800,19800,19800
142115,Boise State University,5566,19192,19192,29592,19192,19192,29592,10262,10262,20662
142276,Idaho State University,5796,19410,19410,30646,19410,19410,30646,11346,11346,22582
142328,Lewis-Clark State College,5348,18910,18910,28442,18910,18910,28442,11380,11380,20912
142461,Northwest Nazarene University,24030,33235,33235,33235,33760,33760,33760,28000,28000,28000
142887,American Academy of Art,26570,,,,36924,36924,36924,30570,30570,30570
143048,School of the Art Institute of Chicago,37560,56900,56900,56900,52020,52020,52020,43100,43100,43100
143084,Augustana College,33363,44029,44029,44029,,,,,,
143358,Bradley University,26704,38230,38230,38230,,,,,,
144005,Chicago State University,9062,23584,23584,30184,23584,23584,30184,15362,15362,21962
144050,University of Chicago,43780,59950,59950,59950,,,,,,
144281,Columbia College-Chicago,20644,38283,38283,38283,36544,36544,36544,26544,26544,26544
144740,DePaul University,30618,45618,45618,45618,45618,45618,45618,36083,36083,36083
144759,DeVry University-Illinois,15188,,,,32394,32394,32394,22201,22201,22201
145460,Harrington College of Design,19300,,,,33424,33424,33424,26888,26888,26888
145497,Hebrew Theological College,19120,35065,35065,35065,34458,34458,34458,24965,24965,24965
145600,University of Illinois at Chicago,12656,27878,27878,40268,28566,28566,40956,19184,19184,31574
145637,University of Illinois at Urbana-Champaign,13838,27628,27628,41770,,,,,,
145646,Illinois Wesleyan University,36572,46728,46728,46728,,,,,,
145725,Illinois Institute of Technology,35125,48389,48389,48389,49025,49025,49025,39725,39725,39725
145770,Argosy University-Chicago,12612,,,,24224,24224,24224,21042,21042,21042
145813,Illinois State University,11832,24816,24816,31776,,,,,,
146010,International Academy of Design and Technology-Chicago,15030,,,,26754,26754,26754,20218,20218,20218
146339,Judson University,26110,38410,38410,38410,38110,38110,38110,31110,31110,31110
146393,Kendall College,22910,41369,41369,41369,41369,41369,41369,30884,30884,30884
146533,Lakeview College of Nursing,,,,,,,,,,
146621,Lexington College,24700,,,,43000,43000,43000,30000,30000,30000
146719,Loyola University-Chicago,33294,47664,47664,47664,,,,,,
147129,Methodist College of Nursing,12780,22480,22480,22480,27780,27780,27780,19280,19280,19280
147244,Millikin University,28612,40242,40242,40242,,,,,,
147369,Moody Bible Institute,10526,22230,22230,22230,22476,22476,22476,12976,12976,12976
147536,National Louis University,18895,,,,41440,41440,41440,26140,26140,26140
147660,North Central College,29733,41172,41172,41172,45759,45759,45759,33585,33585,33585
147679,North Park University,21050,31970,31970,31970,,,,,,
147767,Northwestern University,41983,58829,58829,58829,,,,,,
147776,Northeastern Illinois University,7879,,,,25309,25309,31909,20899,20899,27499
148177,The Illinois Institute of Art-Chicago,17796,37257,37257,37257,31236,31236,31236,27654,27654,27654
148405,Rockford College,25570,37370,37370,37370,38420,38420,38420,30670,30670,30670
148487,Roosevelt University,25000,43200,43200,43200,40600,40600,40600,31700,31700,31700
148511,Rush University,,,,,,,,,,
148575,Saint Francis Medical Center College of Nursing,,,,,,,,,,
148584,University of St Francis,25932,37860,37860,37860,38052,38052,38052,30852,30852,30852
148593,St Johns College,,,,,,,,,,
148627,Saint Xavier University,27060,38830,38830,38830,37677,37677,37677,30443,30443,30443
148654,University of Illinois at Springfield,8581,21351,21351,28671,,,,,,
148849,Shimer College,30150,,,,43900,43900,43900,33900,33900,33900
149028,Saint Anthony College of Nursing,,,,,,,,,,
149329,Telshe Yeshiva-Chicago,12000,16000,16000,16000,28390,28390,28390,17800,17800,17800
149639,VanderCook College of Music,23190,37864,37864,37864,35139,35139,35139,28139,28139,28139
150066,Anderson University,24610,36870,36870,36870,34410,34410,34410,28310,28310,28310
150136,Ball State University,8558,20760,20760,34740,20760,20760,34740,13650,13650,27630
150145,Bethel College-Mishawaka,23630,33700,33700,33700,33130,33130,33130,26630,26630,26630
150163,Butler University,31948,45748,45748,45748,,,,,,
150534,University of Evansville,29416,42200,42200,42200,42200,42200,42200,33600,33600,33600
150668,Goshen College,25700,37040,37040,37040,36690,36690,36690,28390,28390,28390
151102,Indiana University-Purdue University-Fort Wayne,6708,23736,23736,33140,23415,23415,32819,12127,12127,21531
151111,Indiana University-Purdue University-Indianapolis,8243,23579,23579,41942,23579,23579,41942,15035,15035,33398
151263,University of Indianapolis,23010,35892,35892,35892,36568,36568,36568,27882,27882,27882
151290,Indiana Institute of Technology,23430,35570,35570,35570,,,,,,
151324,Indiana State University,7982,19838,19838,29062,19838,19838,29062,11464,11464,20688
151333,Indiana University-Kokomo,6323,,,,19643,19643,29750,13807,13807,23914
151342,Indiana University-South Bend,6507,20813,20813,31356,20813,20813,31356,13027,13027,23570
151351,Indiana University-Bloomington,9524,22049,22049,42065,,,,,,
151360,Indiana University-Northwest,6408,,,,25012,25012,35533,15024,15024,25545
151786,Marian University,26000,38841,38841,38841,37510,37510,37510,31839,31839,31839
151810,Martin University,13520,,,,22550,22550,22550,16220,16220,16220
152336,University of Saint Francis-Fort Wayne,23950,34850,34850,34850,34620,34620,34620,27550,27550,27550
152822,AIB College of Business,13767,22008,22008,22008,24057,24057,24057,18198,18198,18198
152992,Briar Cliff University,24694,36500,36500,36500,36750,36750,36750,29350,29350,29350
153126,Clarke University,25760,37560,37560,37560,37560,37560,37560,29820,29820,29820
153144,Coe College,32380,43550,43550,43550,,,,,,
153269,Drake University,28382,41252,41252,41252,,,,,,
153278,University of Dubuque,22620,32050,32050,32050,,,,,,
153375,Grand View University,21018,31664,31664,31664,32464,32464,32464,25468,25468,25468
153603,Iowa State University,7486,18521,18521,30393,18521,18521,30393,10900,10900,22772
153658,University of Iowa,7765,21120,21120,38454,21120,21120,38454,11981,11981,29315
153825,Loras College,27258,36882,36882,36882,37860,37860,37860,30420,30420,30420
154004,Morningside College,24050,35388,35388,35388,,,,,,
154013,Mount Mercy University,24360,36322,36322,36322,36228,36228,36228,29862,29862,29862
154095,University of Northern Iowa,7350,18876,18876,27632,18876,18876,27632,11450,11450,20206
154174,Palmer College of Chiropractic-Davenport,7845,29871,29871,29871,29871,29871,29871,19311,19311,19311
154235,Saint Ambrose University,24920,37255,37255,37255,,,,,,
155089,Friends University,21030,32208,32208,32208,34362,34362,34362,26242,26242,26242
155317,University of Kansas,9222,21802,21802,35188,21802,21802,35188,14366,14366,27752
155335,Newman University,21716,34203,34203,34203,37627,37627,37627,30310,30310,30310
155636,Ottawa University-Kansas City,,,,,,,,,,
156082,Washburn University,5270,18020,18020,24572,21222,21222,27774,11961,11961,18513
156125,Wichita State University,6155,16166,16166,24201,20350,20350,28385,10566,10566,18601
156286,Bellarmine University,32140,48846,48846,48846,48846,48846,48846,39186,39186,39186
156356,Brescia University,18340,28840,28840,28840,31340,31340,31340,20840,20840,20840
157076,Kentucky Wesleyan College,19515,29925,29925,29925,32075,32075,32075,25155,25155,25155
157085,University of Kentucky,9128,22168,22168,31780,22168,22168,31780,12168,12168,21780
157289,University of Louisville,8930,21726,21726,34446,21726,21726,34446,14286,14286,27006
157748,The Southern Baptist Theological Seminary,13370,21670,21670,21670,19030,19030,19030,16570,16570,16570
157757,Spalding University,19350,32764,32764,32764,34884,34884,34884,23964,23964,23964
157793,Sullivan University,17580,30445,30445,30445,32765,32765,32765,23267,23267,23267
157818,Transylvania University,28250,39050,39050,39050,39800,39800,39800,32100,32100,32100
157951,Western Kentucky University,8084,18004,18004,29936,,,,,,
158477,Centenary College of Louisiana,25290,38100,38100,38100,38250,38250,38250,29920,29920,29920
158802,Dillard University,14770,28093,28093,28093,28093,28093,28093,19405,19405,19405
159373,Louisiana State University Health Sciences Center-New Orleans,,,,,,,,,,
159656,Loyola University-New Orleans,33552,46802,46802,46802,46802,46802,46802,36052,36052,36052
159717,McNeese State University,4383,14857,14857,23679,17345,17345,26167,9019,9019,17841
159939,University of New Orleans,5214,17764,17764,29288,21798,21798,33322,10001,10001,21525
159948,New Orleans Baptist Theological Seminary,5733,10050,10050,10050,14733,14733,14733,9039,9039,9039
159966,Nicholls State University,4737,16734,16734,24684,17732,17732,25682,9406,9406,17356
159993,University of Louisiana-Monroe,5101,15383,15383,23329,,,,,,
160065,Our Lady of Holy Cross College,14699,,,,29543,29543,29543,20484,20484,20484
160621,Southern University and A & M College,5074,16880,16880,23418,,,,,,
160630,Southern University at New Orleans,3906,14617,14617,16389,16740,16740,18512,8504,8504,10276
160658,University of Louisiana at Lafayette,4864,14274,14274,22896,18092,18092,26714,9856,9856,18478
160755,Tulane University of Louisiana,43434,56484,56484,56484,,,,,,
160904,Xavier University of Louisiana,17900,28339,28339,28339,29265,29265,29265,20939,20939,20939
160977,Bates College,42800,57350,57350,57350,,,,,,
161165,Husson University,14435,24705,24705,24705,21535,21535,21535,17785,17785,17785
161457,University of New England,30500,46670,46670,46670,45250,45250,45250,35550,35550,35550
161509,Maine College of Art,29395,42685,42685,42685,42245,42245,42245,32945,32945,32945
161554,University of Southern Maine,8900,23692,23692,36052,25006,25006,37366,14026,14026,26386
161873,University of Baltimore,7500,,,,29800,29800,39700,22100,22100,32000
162283,Coppin State University,5732,18467,18467,22958,16716,16716,21207,10218,10218,14709
162654,Goucher College,36554,50279,50279,50279,43531,43531,43531,39117,39117,39117
162760,Hood College,31060,44970,44970,44970,44380,44380,44380,34580,34580,34580
162928,Johns Hopkins University,42280,57442,57442,57442,,,,,,
163046,Loyola University Maryland,40870,54700,54700,54700,50440,50440,50440,46750,46750,46750
163259,University of Maryland-Baltimore,,,,,,,,,,
163295,Maryland Institute College of Art,37470,51090,51090,51090,49150,49150,49150,40320,40320,40320
163453,Morgan State University,6928,20623,20623,29829,22393,22393,31599,12073,12073,21279
163578,Notre Dame of Maryland University,29700,42470,42470,42470,38970,38970,38970,33970,33970,33970
163842,St Mary's Seminary & University,,,,,,,,,,
163921,Sojourner-Douglass College,7920,,,,24720,24720,24720,16620,16620,16620
164076,Towson University,7906,22028,22028,33540,22028,22028,33540,12036,12036,23548
164438,New England College of Business and Finance,7875,,,,14275,14275,14275,10275,10275,10275
164447,American International College,27902,41866,41866,41866,36714,36714,36714,31102,31102,31102
164562,Assumption College,32545,45830,45830,45830,45830,45830,45830,35345,35345,35345
164614,Boston Baptist College,14945,27347,27347,27347,36945,36945,36945,20745,20745,20745
164720,Becker College,28490,42710,42710,42710,42390,42390,42390,32590,32590,32590
164739,Bentley University,38328,53098,53098,53098,53098,53098,53098,44298,44298,44298
164748,Berklee College of Music,34680,55001,55001,55001,55001,55001,55001,38541,38541,38541
164872,Boston Architectural College,16826,,,,36142,36142,36142,24112,24112,24112
164924,Boston College,42204,56728,56728,56728,52504,52504,52504,46204,46204,46204
164933,The Boston Conservatory,37658,58573,58573,58573,58224,58224,58224,44433,44433,44433
164988,Boston University,41420,56842,56842,56842,,,,,,
165015,Brandeis University,41860,56416,56416,56416,56416,56416,56416,46276,46276,46276
165167,Cambridge College,13240,,,,32440,32440,32440,17440,17440,17440
165334,Clark University,37350,46200,46200,46200,46300,46300,46300,39200,39200,39200
165644,Eastern Nazarene College,25300,35600,35600,35600,37800,37800,37800,27900,27900,27900
165662,Emerson College,32728,48533,48533,48533,,,,,,
165671,Emmanuel College,32300,48428,48428,48428,48428,48428,48428,36308,36308,36308
165866,Framingham State University,7580,21050,21050,27130,21050,21050,27130,14980,14980,21060
166027,Harvard University,39851,56000,56000,56000,,,,,,
166045,Hebrew College,,,,,,,,,,
166124,College of the Holy Cross,41488,54358,54358,54358,,,,,,
166391,Lasell College,27500,43300,43300,43300,40000,40000,40000,35500,35500,35500
166452,Lesley University,30545,47085,47085,47085,39895,39895,39895,35960,35960,35960
166638,University of Massachusetts-Boston,11407,,,,23597,23597,37117,14547,14547,28067
166656,Massachusetts College of Pharmacy and Health Sciences,26455,42417,42417,42417,42817,42817,42817,30677,30677,30677
166674,Massachusetts College of Art and Design,9700,25300,25300,42000,25300,25300,42000,17200,17200,33900
166683,Massachusetts Institute of Technology,40732,55270,55270,55270,,,,,,
166869,MGH Institute of Health Professions,,,,,,,,,,
166948,Mount Ida College,25915,42169,42169,42169,38069,38069,38069,29669,29669,29669
166984,School of the Museum of Fine Arts-Boston,33166,52562,52562,52562,48066,48066,48066,41266,41266,41266
167057,The New England Conservatory of Music,36700,52120,52120,52120,,,,,,
167358,Northeastern University,38252,53812,53812,53812,53812,53812,53812,43302,43302,43302
167677,Saint John's Seminary,13750,22700,22700,22700,22700,22700,22700,16450,16450,16450
167783,Simmons College,33356,50022,50022,50022,50022,50022,50022,38436,38436,38436
167899,Springfield College,30660,45400,45400,45400,,,,,,
168005,Suffolk University,29894,48202,48202,48202,49730,49730,49730,35928,35928,35928
168227,Wentworth Institute of Technology,25025,40025,40025,40025,45163,45163,45163,36253,36253,36253
168254,Western New England University,30844,45571,45571,45571,44714,44714,44714,34399,34399,34399
168290,Wheelock College,30055,45215,45215,45215,45215,45215,45215,33835,33835,33835
168421,Worcester Polytechnic Institute,40030,54164,54164,54164,53770,53770,53770,43730,43730,43730
168430,Worcester State University,7653,21585,21585,27665,17237,17237,23317,11837,11837,17917
168786,Aquinas College,24286,34076,34076,34076,29238,29238,29238,26638,26638,26638
169080,Calvin College,25565,37770,37770,37770,37665,37665,37665,30325,30325,30325
169327,Cleary University,17760,,,,27756,27756,27756,20088,20088,20088
169363,Concordia University-Ann Arbor,21600,32753,32753,32753,,,,24775,24775,24775
169442,College for Creative Studies,32785,47085,47085,47085,47085,47085,47085,39085,39085,39085
169716,University of Detroit Mercy,32500,47792,47792,47792,50148,50148,50148,39766,39766,39766
169983,Kettering University,29988,45315,45315,45315,,,,,,
170000,Grace Bible College,11860,21032,21032,21032,19846,19846,19846,14788,14788,14788
170037,Cornerstone University,22388,33514,33514,33514,33514,33514,33514,26200,26200,26200
170301,Hope College,27020,37660,37660,37660,32300,32300,32300,29800,29800,29800
170532,Kalamazoo College,35920,46732,46732,46732,,,,,,
170675,Lawrence Technological University,26278,39846,39846,39846,39846,39846,39846,31540,31540,31540
170806,Madonna University,14700,25234,25234,25234,25958,25958,25958,18528,18528,18528
170842,Marygrove College,18020,28900,28900,28900,29620,29620,29620,21620,21620,21620
170976,University of Michigan-Ann Arbor,12634,25204,25204,50352,25204,25204,50352,17754,17754,42902
171137,University of Michigan-Dearborn,9788,,,,20819,20819,32473,13819,13819,25473
171146,University of Michigan-Flint,8712,20452,20452,28754,20452,20452,28754,13020,13020,21322
172033,Sacred Heart Major Seminary,16027,30112,30112,30112,30931,30931,30931,19499,19499,19499
172608,Walsh College of Accountancy and Business Administration,,,,,,,,,,
172644,Wayne State University,9809,21495,21495,32607,24499,24499,35611,15544,15544,26656
172699,Western Michigan University,9606,22154,22154,34886,21754,21754,34486,15212,15212,27944
173045,Augsburg College,30418,41160,41160,41160,39168,39168,39168,35488,35488,35488
173328,Concordia University-Saint Paul,28500,39474,39474,39474,39474,39474,39474,31928,31928,31928
173665,Hamline University,31994,42698,42698,42698,42698,42698,42698,34194,34194,34194
173887,The Art Institutes International-Minnesota,17616,31632,31632,31632,30966,30966,30966,27474,27474,27474
173902,Macalester College,42021,53315,53315,53315,,,,,,
174020,Metropolitan State University,6341,,,,26373,26373,32644,14141,14141,20412
174066,University of Minnesota-Twin Cities,13022,24050,24050,29050,24050,24050,29050,16216,16216,21216
174127,Minneapolis College of Art and Design,30586,41956,41956,41956,41956,41956,41956,37046,37046,37046
174206,Crossroads College,15280,26150,26150,26150,28230,28230,28230,19380,19380,19380
174233,University of Minnesota-Duluth,12486,22780,22780,25290,22780,22780,25290,16166,16166,18676
174437,North Central University,17400,27008,27008,27008,27008,27008,27008,24166,24166,24166
174507,Northwestern Health Sciences University,10082,,,,24825,24825,24825,14825,14825,14825
174783,Saint Cloud State University,7105,18097,18097,25393,18097,18097,25393,11435,11435,18731
174899,The College of Saint Scholastica,29506,40136,40136,40136,,,,,,
174914,University of St Thomas,32073,46700,46700,46700,46400,46400,46400,38072,38072,38072
174932,College of Visual Arts,24810,,,,37152,37152,37152,30402,30402,30402
175005,St Catherine University,31640,43892,43892,43892,43892,43892,43892,35890,35890,35890
175421,Belhaven University,18420,32335,32335,32335,,,,,,
175856,Jackson State University,5050,18746,18746,26736,18550,18550,26540,12450,12450,20440
175980,Millsaps College,29482,42578,42578,42578,42578,42578,42578,32400,32400,32400
176026,University of Mississippi Medical Center,,,,,,,,,,
176372,University of Southern Mississippi,5834,18426,18426,26382,21592,21592,29548,12792,12792,20748
176406,Tougaloo College,10218,20748,20748,20748,20218,20218,20218,14418,14418,14418
176479,William Carey University,10350,23922,23922,23922,23922,23922,23922,19002,19002,19002
176628,Avila University,23100,35106,35106,35106,37396,37396,37396,31156,31156,31156
176664,Baptist Bible College and Graduate School,6920,15960,15960,15960,15560,15560,15560,15560,15560,15560
176789,Calvary Bible College and Theological Seminary,10368,18429,18429,18429,25853,25853,25853,14981,14981,14981
176938,Central Bible College,12050,19842,19842,19842,19750,19750,19750,14450,14450,14450
177038,Cleveland Chiropractic College,8124,,,,38497,38497,38497,20263,20263,20263
177065,Columbia College,6034,21580,21580,21580,22790,22790,22790,15326,15326,15326
177162,DeVry University-Missouri,15188,,,,32394,32394,32394,22201,22201,22201
177214,Drury University,21043,32909,32909,32909,30663,30663,30663,25443,25443,25443
177339,Evangel University,18000,30706,30706,30706,,,,,,
177551,Harris-Stowe State University,4553,18853,18853,22862,16121,16121,20130,9553,9553,13562
177719,Barnes-Jewish College Goldfarb School of Nursing,,,,,,,,,,
177746,Kansas City Art Institute,30762,46384,46384,46384,43012,43012,43012,37012,37012,37012
177940,Lincoln University,6478,15800,15800,21287,17610,17610,23097,10597,10597,16084
177968,Lindenwood University,14000,30560,30560,30560,32730,32730,32730,24000,24000,24000
178208,Midwestern Baptist Theological Seminary,6370,13110,13110,13110,23295,23295,23295,12460,12460,12460
178226,Westwood College-O'Hare Airport,14923,,,,31474,31474,31474,26426,26426,26426
178341,Missouri Southern State University,5090,14648,14648,19212,15110,15110,19674,9498,9498,14062
178350,Missouri Tech,14330,,,,28620,28620,28620,21780,21780,21780
178387,Missouri Western State University,5676,16629,16629,21387,16629,16629,21387,9076,9076,13834
178396,University of Missouri-Columbia,8989,21874,21874,34669,,,,,,
178402,University of Missouri-Kansas City,9029,26846,26846,39014,28225,28225,40393,19855,19855,32023
178679,Ozark Christian College,10140,17910,17910,17910,21200,21200,21200,14060,14060,14060
178989,Research College of Nursing,28620,39600,39600,39600,,,,,,
179043,Rockhurst University,28660,41513,41513,41513,,,,,,
179159,Saint Louis University-Main Campus,33986,52096,52096,52096,52096,52096,52096,41974,41974,41974
179450,Saint Luke's College of Health Sciences,,,,,,,,,,
179548,Stephens College,26620,40350,40350,40350,,,,,,
179566,Missouri State University-Springfield,6598,17820,17820,23640,,,,,,
180179,Montana State University-Billings,5470,16640,16640,27131,16640,16640,27131,10440,10440,20931
180258,University of Great Falls,19580,35302,35302,35302,,,,,,
180489,The University of Montana,5722,18172,18172,32550,,,,,,
180595,Rocky Mountain College,22134,33030,33030,33030,,,,,,
180832,Clarkson College,12198,24578,24578,24578,25778,25778,25778,17878,17878,17878
180878,BryanLGH College of Health Sciences,11674,,,,27054,27054,27054,14964,14964,14964
181002,Creighton University,31894,45132,45132,45132,45132,45132,45132,33694,33694,33694
181093,Grace University,16626,26788,26788,26788,27726,27726,27726,21926,21926,21926
181297,Nebraska Methodist College of Nursing & Allied Health,12000,25072,25072,25072,23912,23912,23912,17008,17008,17008
181394,University of Nebraska at Omaha,6280,18770,18770,28380,17920,17920,27530,10630,10630,20240
181428,University of Nebraska Medical Center,,,,,,,,,,
181446,Nebraska Wesleyan University,24656,35728,35728,35728,,,,,,
181464,University of Nebraska-Lincoln,7563,20201,20201,32486,20201,20201,32486,12005,12005,24290
181604,College of Saint Mary,24254,36406,36406,36406,,,,,,
181738,Union College,18780,29100,29100,29100,31480,31480,31480,23380,23380,23380
182281,University of Nevada-Las Vegas,6428,22864,22864,36459,21374,21374,34969,12114,12114,25709
182290,University of Nevada-Reno,5630,21712,21712,35308,23306,23306,36902,12610,12610,26206
182430,Morrison University,8427,,,,33996,33996,33996,13926,13926,13926
182661,Daniel Webster College,15020,29810,29810,29810,,,,,,
183026,Southern New Hampshire University,27234,40368,40368,40368,39234,39234,39234,31734,31734,31734
183071,University of New Hampshire at Manchester,12640,,,,29300,29300,42620,19800,19800,33120
183211,Rivier College,25885,38883,38883,38883,37620,37620,37620,29245,29245,29245
185828,New Jersey Institute of Technology,13974,29274,29274,40634,31274,31274,42634,20274,20274,31634
186371,Rutgers University-Camden,12615,27078,27078,39740,31666,31666,44328,16082,16082,28744
186380,Rutgers University-New Brunswick,12754,28253,28253,40915,31805,31805,44467,16221,16221,28883
186399,Rutgers University-Newark,12294,28544,28544,41206,31345,31345,44007,15761,15761,28423
187046,Thomas Edison State College,5322,,,,12791,12791,15306,7319,7319,9834
187222,University of Medicine and Dentistry of New Jersey,,,,,,,,,,
187985,University of New Mexico-Main Campus,5809,18407,18407,32517,20059,20059,34169,10339,10339,24449
188146,Santa Fe University of Art and Design,30388,42554,42554,42554,44368,44368,44368,34368,34368,34368
188526,Albany College of Pharmacy and Health Sciences,26380,39868,39868,39868,41712,41712,41712,30528,30528,30528
189097,Barnard College,42184,58078,58078,58078,46166,46166,46166,44696,44696,44696
189228,Berkeley College-New York,21750,38760,38760,38760,42560,42560,42560,29460,29460,29460
189264,Beth Hatalmud Rabbinical College,6700,,,,23090,23090,23090,12500,12500,12500
189273,Beth Hamedrash Shaarei Yosher Institute,6600,13700,13700,13700,22990,22990,22990,12400,12400,12400
189705,Canisius College,30713,43903,43903,43903,43903,43903,43903,33973,33973,33973
189857,Central Yeshiva Tomchei Tmimim Lubavitz,6200,12700,12700,12700,22590,22590,22590,12000,12000,12000
190114,Metropolitan College of New York,16720,,,,30352,30352,30352,20752,20752,20752
190150,Columbia University in the City of New York,45290,59208,59208,59208,,,,,,
190372,Cooper Union for the Advancement of Science and Art,39150,56545,56545,56545,58040,58040,58040,42845,42845,42845
190415,Cornell University,41541,57125,57125,57125,57125,57125,57125,43971,43971,43971
190512,CUNY Bernard M Baruch College,5550,25308,25308,31218,22452,22452,28362,10553,10553,16463
190549,CUNY Brooklyn College,5584,,,,22486,22486,28396,10587,10587,16497
190558,CUNY College of Staten Island,5508,,,,22410,22410,28320,10511,10511,16421
190567,CUNY City College,5459,24641,24641,30551,22361,22361,28271,10462,10462,16372
190576,CUNY Graduate School and University Center,5360,,,,22262,22262,28172,10363,10363,16273
190594,CUNY Hunter College,5529,19321,19321,25231,22431,22431,28341,10532,10532,16442
190600,CUNY John Jay College of Criminal Justice,5459,,,,22361,22361,28271,10462,10462,16372
190637,CUNY Lehman College,5508,,,,22410,22410,28320,10511,10511,16421
190664,CUNY Queens College,5607,23449,23449,29359,22509,22509,28419,10610,10610,16520
190691,CUNY York College,5496,,,,22398,22398,28308,10499,10499,16409
190716,D'Youville College,21760,35660,35660,35660,35660,35660,35660,25660,25660,25660
190734,Darkei Noam Rabbinical College,,,,,,,,,,
190983,Elmira College,36950,49600,49600,49600,,,,,,
191241,Fordham University,40292,58732,58732,58732,58703,58703,58703,43736,43736,43736
192040,Jewish Theological Seminary of America,16690,31150,31150,31150,38365,38365,38365,21490,21490,21490
192110,The Juilliard School,33630,50672,50672,50672,,,,,,
192271,LIM College,22225,45875,45875,45875,38525,38525,38525,31325,31325,31325
192323,Le Moyne College,28380,42000,42000,42000,,,,,,
192439,Long Island University-Brooklyn Campus,31606,46426,46426,46426,53126,53126,53126,38126,38126,38126
192624,Machzikei Hadath Rabbinical College,8400,,,,24790,24790,24790,14200,14200,14200
192703,Manhattan College,29700,44220,44220,44220,44220,44220,44220,33300,33300,33300
192712,Manhattan School of Music,33835,50915,50915,50915,48823,48823,48823,39435,39435,39435
192864,Marymount Manhattan College,24708,44038,44038,44038,44038,44038,44038,33808,33808,33808
192925,Medaille College,21598,36042,36042,36042,36498,36498,36498,25798,25798,25798
193052,Mesivta Torah Vodaath Rabbinical Seminary,9050,16950,16950,16950,24340,24340,24340,14050,14050,14050
193061,Mesivta of Eastern Parkway-Yeshiva Zichron Meilech,8600,16625,16625,16625,24990,24990,24990,14400,14400,14400
193070,Mesivtha Tifereth Jerusalem of America,8900,13900,13900,13900,13900,13900,13900,9800,9800,9800
193247,Mirrer Yeshiva Cent Institute,4700,11700,11700,11700,16400,16400,16400,9700,9700,9700
193353,Mount Saint Mary College,24410,39380,39380,39380,33910,33910,33910,27610,27610,27610
193399,College of Mount Saint Vincent,27810,40810,40810,40810,41410,41410,41410,30610,30610,30610
193654,The New School,38198,57609,57609,57609,57609,57609,57609,42349,42349,42349
193900,New York University,41606,58858,58858,58858,58858,58858,58858,43176,43176,43176
194116,New York School of Interior Design,19774,45774,45774,45774,45774,45774,45774,24774,24774,24774
194310,Pace University-New York,35032,49802,49802,49802,56110,56110,56110,39022,39022,39022
194541,Polytechnic Institute of New York University,37882,51362,51362,51362,53926,53926,53926,42082,42082,42082
194578,Pratt Institute-Main,38980,53990,53990,53990,56280,56280,56280,43780,43780,43780
194657,Rabbinical Academy Mesivta Rabbi Chaim Berlin,10850,17850,17850,17850,27240,27240,27240,16650,16650,16650
194666,Rabbinical College Bobover Yeshiva Bnei Zion,8960,16260,16260,16260,19760,19760,19760,11760,11760,11760
194675,Rabbinical College of Ch'san Sofer New York,8000,,,,27800,27800,27800,13100,13100,13100
194718,Rabbinical Seminary M'kor Chaim,6200,13650,13650,13650,,,,,,
194763,Rabbinical Seminary of America,8000,17300,17300,17300,24300,24300,24300,13300,13300,13300
194824,Rensselaer Polytechnic Institute,42704,57179,57179,57179,,,,,,
195030,University of Rochester,41826,56760,56760,56760,,,,,,
195128,The Sage Colleges,28000,41700,41700,41700,39400,39400,39400,32000,32000,32000
195173,St. Francis College,18100,33450,33450,33450,40100,40100,40100,22100,22100,22100
195234,The College of Saint Rose,25464,39186,39186,39186,39546,39546,39546,29124,29124,29124
195544,Saint Joseph's College-New York,18425,,,,28825,28825,28825,22425,22425,22425
195809,St John's University-New York,33875,53037,53037,53037,53312,53312,53312,40574,40574,40574
196060,SUNY at Albany,7172,20762,20762,28872,19854,19854,27964,10104,10104,18214
196103,SUNY College of Environmental Science and Forestry,6269,22597,22597,31469,18654,18654,27526,9919,9919,18791
196130,SUNY College at Buffalo,6353,19611,19611,28571,19611,19611,28571,10433,10433,19393
196255,SUNY Health Science Center at Brooklyn,,,,,,,,,,
196291,SUNY Maritime College,6457,21067,21067,30117,21067,21067,30117,10977,10977,20027
196307,Upstate Medical University,,,,,,,,,,
196413,Syracuse University,37668,53790,53790,53790,,,,,,
196431,Talmudical Seminary Oholei Torah,7400,14300,14300,14300,23790,23790,23790,13200,13200,13200
196440,Talmudical Institute of Upstate New York,5000,13000,13000,13000,,,,,,
196583,Torah Temimah Talmudical Seminary,9550,16550,16550,16550,25940,25940,25940,15350,15350,15350
196592,Touro College,14550,27100,27100,27100,27100,27100,27100,17344,17344,17344
196680,Excelsior College,,,,,,,,,,
196866,Union College,43602,56050,56050,56050,,,,,,
197018,United Talmudical Seminary,9000,16691,16691,16691,21686,21686,21686,13160,13160,13160
197045,Utica College,29996,45236,45236,45236,42336,42336,42336,33486,33486,33486
197151,School of Visual Arts,29500,52650,52650,52650,52650,52650,52650,36950,36950,36950
197197,Wagner College,35820,49330,49330,49330,49330,49330,49330,38697,38697,38697
197601,Yeshiva Karlin Stolin,6900,13300,13300,13300,26600,26600,26600,11900,11900,11900
197610,Yeshivat Mikdash Melech,7500,15800,15800,15800,23890,23890,23890,13300,13300,13300
197647,Yeshiva Derech Chaim,9400,17000,17000,17000,25790,25790,25790,15200,15200,15200
197692,Yeshiva Shaar Hatorah,13650,15850,15850,15850,,,,,,
197708,Yeshiva University,35200,50330,50330,50330,,,,,,
197993,Bennett College for Women,16794,28822,28822,28822,26144,26144,26144,19794,19794,19794
198419,Duke University,41938,57325,57325,57325,,,,,,
198464,East Carolina University,5364,18828,18828,31407,18828,18828,31407,10608,10608,23187
198543,Fayetteville State University,4109,12476,12476,23088,12476,12476,23088,6209,6209,16821
198598,Greensboro College,24970,36670,36670,36670,33570,33570,33570,27570,27570,27570
198613,Guilford College,30430,42585,42585,42585,,,,,,
198695,High Point University,,40100,40100,40100,,,,,,
198747,Laurel University,8890,19414,19414,19414,19780,19780,19780,13930,13930,13930
198756,Johnson C Smith University,17368,29330,29330,29330,29330,29330,29330,22568,22568,22568
198835,Lenoir-Rhyne University,26524,39904,39904,39904,39904,39904,39904,30534,30534,30534
198950,Meredith College,27770,38270,38270,38270,38270,38270,38270,30320,30320,30320
198969,Methodist University,25550,43915,43915,43915,,,,,,
199102,North Carolina A & T State University,4668,14721,14721,24355,16782,16782,26416,11558,11558,21192
199111,University of North Carolina at Asheville,5393,16810,16810,30442,16548,16548,30180,9508,9508,23140
199120,University of North Carolina at Chapel Hill,7009,21315,21315,41140,21315,21315,41140,11845,11845,31670
199139,University of North Carolina at Charlotte,5440,18260,18260,30025,18625,18625,30390,9515,9515,21280
199148,University of North Carolina at Greensboro,5765,17904,17904,30429,18486,18486,31011,11536,11536,24061
199157,North Carolina Central University,4801,16953,16953,27526,17353,17353,27926,9011,9011,19584
199184,University of North Carolina School of the Arts,6908,19398,19398,32347,18960,18960,31909,9148,9148,22097
199193,North Carolina State University at Raleigh,7018,19388,19388,32223,19388,19388,32223,14211,14211,27046
199209,North Carolina Wesleyan College,24890,35570,35570,35570,,,,,,
199218,University of North Carolina at Wilmington,5672,17332,17332,29153,17332,17332,29153,9432,9432,21253
199272,William Peace University,25886,39966,39966,39966,38936,38936,38936,31586,31586,31586
199315,Piedmont International University,11220,22205,22205,22205,24335,24335,24335,14970,14970,14970
199412,Queens University of Charlotte,25356,38724,38724,38724,,,,,,
199582,Saint Augustines College,17160,30060,30060,30060,,,,,,
199607,Salem College,22720,39524,39524,39524,30975,30975,30975,27530,27530,27530
199643,Shaw University,13226,25526,25526,25526,27016,27016,27016,18916,18916,18916
199847,Wake Forest University,41576,56236,56236,56236,,,,,,
199971,Carolina Christian College,3785,,,,14275,14275,14275,9451,9451,9451
199999,Winston-Salem State University,4584,15933,15933,25046,16584,16584,25697,8584,8584,17697
200244,Medcenter One College of Nursing,,,,,,,,,,
200280,University of North Dakota,7092,20892,20892,30567,20892,20892,30567,14492,14492,24167
200332,North Dakota State University-Main Campus,7270,18552,18552,28798,,,,,,
200800,University of Akron Main Campus,9545,22551,22551,30474,24731,24731,32654,13511,13511,21434
201061,Art Academy of Cincinnati,23530,33630,33630,33630,33230,33230,33230,27630,27630,27630
201645,Case Western Reserve University,39120,54133,54133,54133,,,,,,
201858,Cincinnati Christian University,14604,25490,25490,25490,25490,25490,25490,21190,21190,21190
201885,University of Cincinnati-Main Campus,10419,26828,26828,41351,26828,26828,41351,17048,17048,31571
202046,Cleveland Institute of Art,33882,50697,50697,50697,50697,50697,50697,43685,43685,43685
202073,Cleveland Institute of Music,41260,58242,58242,58242,,,,,,
202134,Cleveland State University,9002,25944,25944,28966,25944,25944,28966,14102,14102,17124
202170,Columbus College of Art and Design,27630,42340,42340,42340,42076,42076,42076,33080,33080,33080
202480,University of Dayton,31640,44090,44090,44090,,,,,,
202541,DeVry University-Ohio,15188,,,,32394,32394,32394,22201,22201,22201
202806,Franklin University,9025,,,,27335,27335,27335,13985,13985,13985
202903,Gods Bible School and College,6540,14140,14140,14140,22490,22490,22490,13490,13490,13490
203775,Malone University,23420,34970,34970,34970,32330,32330,32330,27030,27030,27030
203845,Marietta College,29690,41200,41200,41200,,,,,,
204015,Miami University-Middletown,4793,,,,22176,22176,30828,11536,11536,20188
204176,Mount Carmel College of Nursing,16578,27218,27218,27218,33886,33886,33886,20494,20494,20494
204617,Ohio Dominican University,26790,38698,38698,38698,37510,37510,37510,31510,31510,31510
204796,Ohio State University-Main Campus,9735,26871,26871,41766,26871,26871,41766,17601,17601,32496
205027,Pontifical College Josephinum,19239,34673,34673,34673,,,,,,
205957,Franciscan University of Steubenville,21220,32220,32220,32220,29620,29620,29620,25120,25120,25120
206084,University of Toledo,8788,22541,22541,31661,21718,21718,30838,13918,13918,23038
206279,Union Institute & University,11472,,,,25180,25180,25180,13672,13672,13672
206525,Wittenberg University,36434,49228,49228,49228,,,,,,
206622,Xavier University,31160,43880,43880,43880,,,,,,
206695,Youngstown State University,7451,19923,19923,20134,21624,21624,21835,12514,12514,12725
206914,Cameron University,4590,14140,14140,20748,18096,18096,24704,10130,10130,16738
207324,Oklahoma Christian University,18456,29181,29181,29181,29181,29181,29181,22556,22556,22556
207342,University of Oklahoma Health Sciences Center,,,,,,,,,,
207458,Oklahoma City University,27500,42290,42290,42290,,,,,,
207582,Oral Roberts University,20756,32763,32763,32763,32763,32763,32763,24169,24169,24169
207971,University of Tulsa,31551,46789,46789,46789,45475,45475,45475,37275,37275,37275
208239,The Art Institute of Portland,17616,,,,33744,33744,33744,27474,27474,27474
208488,Concordia University-Portland,25650,36500,36500,36500,36500,36500,36500,29050,29050,29050
208725,New Hope Christian College,13190,22250,22250,22250,23990,23990,23990,15990,15990,15990
209056,Lewis & Clark College,38500,51458,51458,51458,,,,,,
209287,Multnomah University,20240,32740,32740,32740,33940,33940,33940,25940,25940,25940
209409,Northwest Christian University,23600,34240,34240,34240,34520,34520,34520,27120,27120,27120
209490,Oregon Health & Science University,,,,,,,,,,
209542,Oregon State University,7600,21475,21475,35191,21475,21475,35191,12031,12031,25747
209551,University of Oregon,8789,22052,22052,40916,22052,22052,40916,12251,12251,31115
209603,Pacific Northwest College of Art,30730,,,,41730,41730,41730,39730,39730,39730
209807,Portland State University,7764,22485,22485,37704,24484,24484,39703,12884,12884,28103
209825,University of Portland,35740,50830,50830,50830,50830,50830,50830,39040,39040,39040
209922,Reed College,42800,55700,55700,55700,50890,50890,50890,44650,44650,44650
210304,Warner Pacific College,18290,29694,29694,29694,31571,31571,31571,29694,29694,29694
210401,Willamette University,39012,50402,50402,50402,,,,,,
210438,University of Western States,8935,,,,26781,26781,26781,14757,14757,14757
210571,Albright College,33990,45690,45690,45690,45690,45690,45690,36890,36890,36890
210775,Alvernia University,26630,39982,39982,39982,,,,,,
210942,The Art Institute of Philadelphia,18120,33768,33768,33768,31560,31560,31560,27978,27978,27978
210960,The Art Institute of Pittsburgh,17832,34032,34032,34032,31272,31272,31272,27690,27690,27690
211431,Carlow University,23504,35780,35780,35780,32524,32524,32524,29024,29024,29024
211440,Carnegie Mellon University,44010,57520,57520,57520,,,,,,
211468,Cedar Crest College,30110,41764,41764,41764,41414,41414,41414,33110,33110,33110
211556,Chatham University,30312,43510,43510,43510,43510,43510,43510,34298,34298,34298
211583,Chestnut Hill College,29200,41640,41640,41640,41640,41640,41640,33180,33180,33180
211893,Curtis Institute of Music,2300,19047,19047,19047,22535,22535,22535,8355,8355,8355
212054,Drexel University,34505,54040,54040,54040,54040,54040,54040,41205,41205,41205
212106,Duquesne University,28671,41027,41027,41027,41027,41027,41027,32721,32721,32721
212577,Franklin and Marshall College,42610,56580,56580,56580,,,,,,
212601,Gannon University,25522,38980,38980,38980,38980,38980,38980,28750,28750,28750
212984,Holy Family University,24640,38628,38628,38628,35692,35692,35692,26936,26936,26936
213321,King's College,27680,41920,41920,41920,37930,37930,37930,34102,34102,34102
213367,La Salle University,35240,47710,47710,47710,41990,41990,41990,38859,38859,38859
213543,Lehigh University,40960,54020,54020,54020,54020,54020,54020,43180,43180,43180
213668,Lycoming College,31818,44639,44639,44639,,,,,,
213826,Marywood University,28175,42995,42995,42995,37275,37275,37275,33335,33335,33335
213987,Mercyhurst College,27657,41746,41746,41746,,,,,,
214148,Moore College of Art and Design,31478,47301,47301,47301,47301,47301,47301,37762,37762,37762
214157,Moravian College and Moravian Theological Seminary,33446,45941,45941,45941,49173,49173,49173,38272,38272,38272
214175,Muhlenberg College,39915,51595,51595,51595,,,,,,
214689,Pennsylvania State University-Penn State Altoona,13636,28654,28654,35426,28654,28654,35426,19078,19078,25850
214777,Pennsylvania State University-Main Campus,15984,31002,31002,43084,,,,,,
214883,Peirce College,15900,,,,24424,24424,24424,18700,18700,18700
214971,Pennsylvania Academy of the Fine Arts,27210,,,,42230,42230,42230,30950,30950,30950
215053,Pennsylvania College of Art and Design,18980,,,,29306,29306,29306,23520,23520,23520
215062,University of Pennsylvania,42098,57360,57360,57360,,,,,,
215099,Philadelphia University,30546,45336,45336,45336,45498,45498,45498,35712,35712,35712
215105,The University of the Arts,33500,51271,51271,51271,51271,51271,51271,40195,40195,40195
215132,University of the Sciences,32148,49158,49158,49158,49158,49158,49158,36600,36600,36600
215293,University of Pittsburgh-Pittsburgh Campus,16132,29732,29732,39140,29732,29732,39140,20128,20128,29536
215442,Point Park University,23720,38280,38280,38280,32880,32880,32880,26780,26780,26780
215770,Saint Joseph's University,36640,52846,52846,52846,52846,52846,52846,44140,44140,44140
215929,University of Scranton,35992,51274,51274,51274,45242,45242,45242,41442,41442,41442
216311,Talmudical Yeshiva of Philadelphia,8100,17900,17900,17900,,,,,,
216339,Temple University,13596,30006,30006,39832,30006,30006,39832,16861,16861,26687
216366,Thomas Jefferson University,,,,,,,,,,
216931,Wilkes University,28210,43908,43908,43908,40710,40710,40710,33060,33060,33060
217040,Yeshivath Beth Moshe,7600,13700,13700,13700,,,,,,
217156,Brown University,42230,56150,56150,56150,,,,,,
217235,Johnson & Wales University-Providence,25407,38771,38771,38771,,,,,,
217402,Providence College,40975,54840,54840,54840,,,,,,
217493,Rhode Island School of Design,39777,57629,57629,57629,,,,,,
217624,Allen University,11940,21300,21300,21300,20740,20740,20740,15940,15940,15940
217633,Anderson University,20910,34335,34335,34335,36010,36010,36010,34310,34310,34310
217688,Charleston Southern University,20840,33240,33240,33240,34540,34540,34540,26340,26340,26340
217721,Benedict College,17190,28932,28932,28932,,,,,,
217749,Bob Jones University,12730,25286,25286,25286,29624,29624,29624,18358,18358,18358
217819,College of Charleston,9616,23996,23996,38710,25040,25040,39754,14432,14432,29146
217864,Citadel Military College of South Carolina,10216,23884,23884,40701,,,,,,
217925,Columbia International University,18065,27335,27335,27335,27165,27165,27165,20665,20665,20665
217934,Columbia College,25050,36928,36928,36928,,,,,,
217961,Converse College,27320,39724,39724,39724,37220,37220,37220,33980,33980,33980
218335,Medical University of South Carolina,,,,,,,,,,
218399,Morris College,10530,20076,20076,20076,20980,20980,20980,15380,15380,15380
218663,University of South Carolina-Columbia,10168,23064,23064,39248,,,,,,
218724,Coastal Carolina University,9760,22146,22146,33946,22882,22882,34682,15139,15139,26939
218964,Winthrop University,12656,23826,23826,34966,,,,,,
218973,Wofford College,33190,46219,46219,46219,44307,44307,44307,38290,38290,38290
219000,Augustana College,26590,35620,35620,35620,,,,,,
219204,National American University-Rapid City,12549,20007,20007,20007,24588,24588,24588,17433,17433,17433
219347,South Dakota School of Mines and Technology,8820,20430,20430,22140,22950,22950,24660,14930,14930,16640
219383,University of Sioux Falls,22850,33590,33590,33590,35285,35285,35285,26185,26185,26185
219505,American Baptist College,8594,16287,16287,16287,21467,21467,21467,13300,13300,13300
219602,Austin Peay State University,6432,20635,20635,34195,20635,20635,34195,12466,12466,26026
219639,Baptist Memorial College of Health Sciences,10660,20916,20916,20916,24520,24520,24520,17760,17760,17760
219709,Belmont University,24960,39930,39930,39930,,,,,,
219833,Christian Brothers University,26110,34186,34186,34186,35700,35700,35700,29452,29452,29452
219976,Lipscomb University,23494,36504,36504,36504,36994,36994,36994,27494,27494,27494
220075,East Tennessee State University,6271,22755,22755,36315,25636,25636,39196,15417,15417,28977
220181,Fisk University,19462,33304,33304,33304,34562,34562,34562,25562,25562,25562
220206,Free Will Baptist Bible College,11646,23488,23488,23488,23480,23480,23480,16046,16046,16046
220516,King College,24052,36714,36714,36714,37764,37764,37764,30550,30550,30550
220552,South College,17600,,,,35802,35802,35802,24606,24606,24606
220598,Lane College,8220,16570,16570,16570,15070,15070,15070,10870,10870,10870
220604,Le Moyne-Owen College,10298,17100,17100,17100,20658,20658,20658,14398,14398,14398
220613,Lee University,12680,23150,23150,23150,29500,29500,29500,16280,16280,16280
220808,Memphis College of Art,25050,37700,37700,37700,,,,,,
220862,University of Memphis,7390,21816,21816,36528,21811,21811,36523,13486,13486,28198
220941,Victory University,8621,,,,24224,24224,24224,14558,14558,14558
220978,Middle Tennessee State University,6754,27066,27066,40770,27066,27066,40770,12036,12036,25740
221254,O'More College of Design,23952,,,,37287,37287,37287,29537,29537,29537
221351,Rhodes College,36464,49001,49001,49001,49001,49001,49001,39816,39816,39816
221740,The University of Tennessee at Chattanooga,6718,19510,19510,33044,,,,,,
221759,The University of Tennessee,8396,23571,23571,40713,,,,,,
221838,Tennessee State University,6088,16598,16598,29126,19088,19088,31616,8788,8788,21316
221856,Tennessee Temple University,11920,22900,22900,22900,27970,27970,27970,18970,18970,18970
221892,Trevecca Nazarene University,20490,33186,33186,33186,39411,39411,39411,25698,25698,25698
221971,Union University,24030,40000,40000,40000,,,,,,
221999,Vanderbilt University,41332,58554,58554,58554,,,,,,
222178,Abilene Christian University,25270,38250,38250,38250,,,,,,
222831,Angelo State University,6211,19344,19344,26856,19344,19344,26856,11911,11911,19423
222877,Arlington Baptist College,7540,19340,19340,19340,23340,23340,23340,13340,13340,13340
222938,The Art Institute of Houston,17868,34518,34518,34518,31308,31308,31308,27726,27726,27726
222983,Austin College,31270,43720,43720,43720,37580,37580,37580,33930,33930,33930
223232,Baylor University,31658,45011,45011,45011,,,,,,
224147,Texas A & M University-Corpus Christi,6594,19437,19437,28737,19729,19729,29029,10286,10286,19586
224226,Dallas Baptist University,19900,30823,30823,30823,36034,36034,36034,26611,26611,26611
224323,University of Dallas,31150,47576,47576,47576,,,,,,
224545,Texas A & M University-Texarkana,4974,14393,14393,21659,16177,16177,23443,8077,8077,15343
224776,South University-The Art Institute of Dallas,17868,32733,32733,32733,31308,31308,31308,27726,27726,27726
225247,Hardin-Simmons University,22460,32638,32638,32638,,,,,,
225399,Houston Baptist University,25445,37195,37195,37195,38555,38555,38555,31175,31175,31175
225432,University of Houston-Downtown,4786,,,,23884,23884,31396,15284,15284,22796
225502,University of Houston-Victoria,5830,17406,17406,26796,19486,19486,28876,11142,11142,20532
225511,University of Houston,7513,20905,20905,28417,23635,23635,31147,13835,13835,21347
225575,Huston-Tillotson University,12430,23994,23994,23994,24494,24494,24494,17048,17048,17048
225627,University of the Incarnate Word,22790,36242,36242,36242,32512,32512,32512,26838,26838,26838
226091,Lamar University,8076,21892,21892,31057,,,,,,
226231,LeTourneau University,23590,36040,36040,36040,,,,,,
226383,Lubbock Christian University,16870,28602,28602,28602,28602,28602,28602,21952,21952,21952
226587,McMurry University,22045,33433,33433,33433,32359,32359,32359,27067,27067,27067
226833,Midwestern State University,5648,15500,15500,16220,,,,,,
227216,University of North Texas,7989,18827,18827,26339,,,,,,
227331,Our Lady of the Lake University-San Antonio,22756,34583,34583,34583,34583,34583,34583,27256,27256,27256
227368,The University of Texas-Pan American,5034,15785,15785,23297,18305,18305,25817,10533,10533,18045
227377,The University of Texas at Brownsville,5352,16586,16586,24724,21141,21141,29279,10210,10210,18348
227429,Paul Quinn College,12350,19600,19600,19600,19900,19900,19900,13200,13200,13200
227757,Rice University,35551,50171,50171,50171,50171,50171,50171,37901,37901,37901
227845,Saint Edward's University,28700,41400,41400,41400,41400,41400,41400,32416,32416,32416
227863,University of St Thomas,25300,37992,37992,37992,40586,40586,40586,30914,30914,30914
228149,St. Mary's University,23426,36356,36356,36356,31336,31336,31336,27336,27336,27336
228635,University of Texas Southwestern Medical Center,,,,,,,,,,
228644,The University of Texas Health Science Center at San Antonio,6944,,,,12662,12662,22991,12304,12304,22633
228653,The University of Texas Medical Branch,,,,,,,,,,
228723,Texas A & M University-College Station,8421,20723,20723,36113,20723,20723,36113,12523,12523,27913
228769,The University of Texas at Arlington,8878,21434,21434,28946,21434,21434,28946,13880,13880,21392
228778,The University of Texas at Austin,9794,24714,24714,47426,24714,24714,47426,14292,14292,37004
228787,The University of Texas at Dallas,10276,23170,23170,37060,24194,24194,38084,15406,15406,29296
228796,The University of Texas at El Paso,7065,20583,20583,30043,20583,20583,30043,11891,11891,21351
228802,The University of Texas at Tyler,6592,19588,19588,28978,20705,20705,30095,11013,11013,20403
228875,Texas Christian University,32490,46110,46110,46110,,,,,,
228884,Texas College,9682,20482,20482,20482,21632,21632,21632,13482,13482,13482
229018,The University of Texas of the Permian Basin,5124,15615,15615,23127,14263,14263,21775,9460,9460,16972
229027,The University of Texas at San Antonio,7042,19973,19973,27485,20989,20989,28501,11462,11462,18974
229063,Texas Southern University,7442,22247,22247,31567,22247,22247,31567,13289,13289,22609
229115,Texas Tech University,7380,20753,20753,28265,14476,14476,21988,11826,11826,19338
229160,Texas Wesleyan University,19760,31070,31070,31070,31313,31313,31313,24113,24113,24113
229179,Texas Woman's University,5429,15749,15749,23261,,,,,,
229267,Trinity University,31356,44422,44422,44422,,,,,,
229300,The University of Texas Health Science Center at Houston,,,,,,,,,,
229337,Texas Tech University Health Sciences Center,,,,,,,,,,
230038,Brigham Young University-Provo,4560,16588,16588,16588,16588,16588,16588,9360,9360,9360
230728,Utah State University,5560,16760,16760,27060,16760,16760,27060,8580,8580,18880
230737,Utah Valley University,4584,,,,16908,16908,25564,9761,9761,18417
230764,University of Utah,6762,21982,21982,36608,23842,23842,38468,12232,12232,26858
230782,Weber State University,4548,17032,17032,24744,17032,17032,24744,9306,9306,17018
230807,Westminster College,27182,39170,39170,39170,,,,,,
230825,Burlington College,22545,33993,33993,33993,31823,31823,31823,27323,27323,27323
230852,Champlain College,28400,42920,42920,42920,39700,39700,39700,32900,32900,32900
231174,University of Vermont,14784,27558,27558,47198,,,,,,
231420,Averett University,24480,35100,35100,35100,31180,31180,31180,27580,27580,27580
231651,Regent University,12340,27635,27635,27635,29635,29635,29635,19465,19465,19465
231712,Christopher Newport University,10084,24157,24157,33379,24158,24158,33380,15361,15361,24583
231837,Jefferson College of Health Sciences,19750,31690,31690,31690,31690,31690,31690,26318,26318,26318
232043,Eastern Mennonite University,26400,37500,37500,37500,35480,35480,35480,28980,28980,28980
232265,Hampton University,18798,31068,31068,31068,33310,33310,33310,23366,23366,23366
232423,James Madison University,8448,21214,21214,34504,22157,22157,35447,14149,14149,27439
232557,Liberty University,19154,30634,30634,30634,,,,,,
232609,Lynchburg College,30805,41085,41085,41085,,,,,,
232706,Marymount University,23972,37352,37352,37352,31722,31722,31722,26622,26622,26622
232937,Norfolk State University,6700,19678,19678,33321,20379,20379,34022,11751,11751,25394
232982,Old Dominion University,6566,19237,19237,30799,19237,19237,30799,10441,10441,22003
233301,Randolph College,30376,42762,42762,42762,,,,,,
233374,University of Richmond,43170,54460,54460,54460,54460,54460,54460,45210,45210,45210
233541,Shenandoah University,27940,40990,40990,40990,40990,40990,40990,33240,33240,33240
233684,Strayer University-Virginia,14805,,,,31374,31374,31374,20457,20457,20457
233912,Virginia Intermont College,24642,39732,39732,39732,33882,33882,33882,29242,29242,29242
233921,Virginia Polytechnic Institute and State University,10509,23869,23869,37840,23869,23869,37840,16789,16789,30760
234030,Virginia Commonwealth University,9517,24635,24635,38067,24635,24635,38067,14761,14761,28193
234076,University of Virginia-Main Campus,11786,23986,23986,48980,,,,,,
234137,Virginia University of Lynchburg,6080,20857,20857,20857,20857,20857,20857,10665,10665,10665
234164,Virginia Union University,14630,26055,26055,26055,26055,26055,26055,16488,16488,16488
234173,Virginia Wesleyan College,29680,40868,40868,40868,43642,43642,43642,33680,33680,33680
234915,City University of Seattle,15280,,,,32480,32480,32480,20480,20480,20480
235024,Cornish College of the Arts,30880,44680,44680,44680,44080,44080,44080,35480,35480,35480
235316,Gonzaga University,32222,44849,44849,44849,45545,45545,45545,39108,39108,39108
235769,Trinity Lutheran College,22260,31561,31561,31561,30351,30351,30351,24434,24434,24434
236328,University of Puget Sound,38720,52040,52040,52040,52040,52040,52040,42020,42020,42020
236577,Seattle Pacific University,30339,43195,43195,43195,,,,,,
236595,Seattle University,32700,47853,47853,47853,47853,47853,47853,36876,36876,36876
236948,University of Washington-Seattle Campus,10574,24059,24059,41543,24059,24059,41543,14288,14288,31772
237011,Western Washington University,7756,20789,20789,31136,20789,20789,31136,11626,11626,21973
237312,University of Charleston,25181,36171,36171,36171,31381,31381,31381,28881,28881,28881
237525,Marshall University,5648,17689,17689,25521,17690,17690,25522,12530,12530,20362
237640,Ohio Valley University,18050,27496,27496,27496,27496,27496,27496,20250,20250,20250
238032,West Virginia University,5674,16874,16874,29044,16472,16472,28642,9524,9524,21694
238078,Wheeling Jesuit University,25640,37768,37768,37768,33040,33040,33040,28940,28940,28940
238193,Alverno College,21069,32167,32167,32167,33975,33975,33975,26405,26405,26405
238458,Carroll University,25248,37050,37050,37050,35540,35540,35540,29532,29532,29532
238661,Edgewood College,22850,34816,34816,34816,34526,34526,34526,27088,27088,27088
238935,DeVry University-Wisconsin,15188,,,,32394,32394,32394,22201,22201,22201
239017,Lawrence University,38481,48671,48671,48671,,,,,,
239080,Marian University,22440,32494,32494,32494,30344,30344,30344,26594,26594,26594
239105,Marquette University,31822,44922,44922,44922,,,,34582,34582,34582
239309,Milwaukee Institute of Art & Design,28654,41666,41666,41666,40526,40526,40526,33250,33250,33250
239318,Milwaukee School of Engineering,30990,45424,45424,45424,45424,45424,45424,37630,37630,37630
239390,Mount Mary College,23000,34888,34888,34888,33950,33950,33950,27390,27390,27390
240107,Viterbo University,21870,32450,32450,32450,32483,32483,32483,24570,24570,24570
240268,University of Wisconsin-Eau Claire,8019,17332,17332,24905,,,,,,
240277,University of Wisconsin-Green Bay,7282,16487,16487,24060,17711,17711,25284,9623,9623,17196
240329,University of Wisconsin-La Crosse,8329,17359,17359,24932,,,,,,
240338,Wisconsin Lutheran College,22830,33800,33800,33800,35470,35470,35470,26840,26840,26840
240365,University of Wisconsin-Oshkosh,6995,16823,16823,24396,,,,,,
240444,University of Wisconsin-Madison,9665,22449,22449,38199,22505,22505,38255,13495,13495,29245
240453,University of Wisconsin-Milwaukee,8675,21785,21785,31514,25919,25919,35648,13603,13603,23332
241216,Atlantic University College,6255,,,,11555,11555,11555,9055,9055,9055
241331,Carlos Albizu University-San Juan,,,,,,,,,,
241410,Pontifical Catholic University of Puerto Rico,5278,13778,13778,13778,15159,15159,15159,9504,9504,9504
241739,Universidad Metropolitana,5184,,,,21459,21459,21459,12088,12088,12088
241766,Puerto Rico Conservatory of Music,2770,,,,17320,17320,17320,7320,7320,7320
241951,Escuela de Artes Plasticas de Puerto Rico,4779,,,,20379,20379,23619,9779,9779,13019
242617,Inter American University of Puerto Rico-San German,4596,11868,11868,11868,18629,18629,18629,9368,9368,9368
242653,Inter American University of Puerto Rico-Metro,6663,,,,23121,23121,23121,11916,11916,11916
242680,Inter American University of Puerto Rico-Fajardo,4448,,,,18743,18743,18743,9343,9343,9343
242699,Inter American University of Puerto Rico-Guayama,5282,,,,21320,21320,21320,10115,10115,10115
243197,University of Puerto Rico-Mayaguez,2751,,,,14981,14981,16515,7476,7476,9010
243203,University of Puerto Rico-Medical Sciences,,,,,,,,,,
243212,University of Puerto Rico-Ponce,2751,,,,14981,14981,17003,7476,7476,9498
243221,University of Puerto Rico-Rio Piedras,2746,14051,14051,16072,14976,14976,16997,7471,7471,9492
243443,University of Sacred Heart,5170,14443,14443,14443,20374,20374,20374,11743,11743,11743
243577,Universidad Politecnica de Puerto Rico-Hato Rey Campus,7548,,,,28285,28285,28285,16581,16581,16581
243586,Pontifical Catholic University of Puerto Rico-Mayaguez,4836,,,,13859,13859,13859,8204,8204,8204
245731,Yeshiva and Kollel Harbotzas Torah,,,,,,,,,,
245847,Antioch University-Santa Barbara,,,,,,,,,,
245883,Antioch University-Seattle,19305,,,,36087,36087,36087,26318,26318,26318
245953,Mid-America Christian University,14830,25815,25815,25815,28750,28750,28750,20150,20150,20150
247825,Austin Graduate School of Theology,,,,,,,,,,
248882,National American University-Albuquerque,13035,,,,25074,25074,25074,17919,17919,17919
260813,Platt College-Aurora,20490,,,,41487,41487,41487,29814,29814,29814
260901,Kaplan University-Davenport Campus,12272,,,,22064,22064,22064,14486,14486,14486
262129,New College of Florida,6060,19058,19058,42087,,,,,,
363712,Yeshivah Gedolah Rabbinical College,8500,17300,17300,17300,,,,,,
363907,Caribbean University-Ponce,4880,,,,11680,11680,11680,7180,7180,7180
363934,University of Advancing Technology,19500,33865,33865,33865,,,,,,
366003,South Florida Bible College and Theological Seminary,5015,,,,16575,16575,16575,9047,9047,9047
366748,Argosy University-Hawaii,12979,,,,24591,24591,24591,21409,21409,21409
367194,McNally Smith College of Music,23520,38910,38910,38910,41710,41710,41710,33452,33452,33452
367839,Colorado Heights University,4556,12206,12206,17606,17826,17826,23226,7916,7916,13316
367936,Argosy University-Atlanta,12612,,,,24224,24224,24224,21042,21042,21042
372213,University of Phoenix-Online Campus,10025,,,,19994,19994,19994,14344,14344,14344
372222,University of Phoenix-San Diego Campus,11482,,,,24871,24871,24871,18636,18636,18636
373827,New England School of Communications,12744,23264,23264,23264,21744,21744,21744,16744,16744,16744
375230,Yeshiva Gedolah Imrei Yosef D'spinka,7200,,,,15825,15825,15825,7825,7825,7825
377564,University of Washington-Tacoma Campus,10343,24056,24056,41540,24056,24056,41540,14285,14285,31769
378576,Pacific College of Oriental Medicine LLC-San Diego,11085,,,,38742,38742,38742,20787,20787,20787
382063,University of Phoenix-Puerto Rico Campus,6615,,,,20004,20004,20004,13769,13769,13769
384412,Potomac College-Washington,11680,,,,22992,22992,22992,16760,16760,16760
385619,Everglades University,14320,,,,28592,28592,28592,18920,18920,18920
388520,College of Biblical Studies-Houston,9396,,,,31236,31236,31236,13596,13596,13596
392840,Watkins College of Art Design & Film,18414,32914,32914,32914,33714,33714,33714,24364,24364,24364
401223,World Mission University,4420,,,,20005,20005,20005,9133,9133,9133
402776,Southwest University of Visual Arts-Albuquerque,27125,,,,49885,49885,49885,35113,35113,35113
404338,Schiller International University,18360,,,,32104,32104,32104,23968,23968,23968
405058,Yeshivas Novominsk,9000,16500,16500,16500,25390,25390,25390,14800,14800,14800
405854,Rabbinical College of Ohr Shimon Yisroel,9000,13700,13700,13700,28800,28800,28800,14100,14100,14100
405979,University of Phoenix-Southern Arizona Campus,10858,,,,24247,24247,24247,18012,18012,18012
406006,University of Phoenix-Bay Area Campus,11981,,,,25370,25370,25370,19135,19135,19135
406015,University of Phoenix-Southern California Campus,12792,,,,26181,26181,26181,19946,19946,19946
410502,The Art Institute of California-Hollywood,18948,34890,34890,34890,35526,35526,35526,29136,29136,29136
413413,Capella University,11700,,,,17511,17511,17511,13335,13335,13335
414595,Pacific College of Oriental Medicine-New York,20488,,,,58954,58954,58954,30427,30427,30427
414878,Trine University-Regional/Non-Traditional Campuses,9120,,,,24220,24220,24220,16220,16220,16220
416801,The University of Texas M.D.  Anderson Cancer Center,,,,,,,,,,
416962,University of Phoenix-Las Vegas Campus,10858,,,,24247,24247,24247,18012,18012,18012
417752,Messenger College,8390,20006,20006,20006,23110,23110,23110,13446,13446,13446
419457,Argosy University-Washington D.C.,12612,,,,24224,24224,24224,21042,21042,21042
419509,University of Phoenix-Sacramento Valley Campus,11981,,,,25370,25370,25370,19135,19135,19135
420042,University of Phoenix-Hawaii Campus,11482,,,,24871,24871,24871,18636,18636,18636
420352,The College of Saint Thomas More,12800,19700,19700,19700,20050,20050,20050,15050,15050,15050
420866,Argosy University-Schaumburg,12612,,,,24224,24224,24224,21042,21042,21042
421009,University of Phoenix-Louisiana Campus,9859,,,,23248,23248,23248,17013,17013,17013
421018,University of Phoenix-Metro Detroit Campus,11981,,,,25370,25370,25370,19135,19135,19135
426314,Embry-Riddle Aeronautical University-Worldwide,6960,,,,19896,19896,19896,11816,11816,11816
428268,Argosy University-Tampa,12612,,,,24224,24224,24224,21042,21042,21042
428286,The Illinois Institute of Art-Schaumburg,17688,34956,34956,34956,31128,31128,31128,27546,27546,27546
428444,The Art Institute of Phoenix,17616,32808,32808,32808,31056,31056,31056,27474,27474,27474
430087,Colorado Technical University-Greenwood Village,10660,,,,23680,23680,23680,14824,14824,14824
430670,San Juan Bautista School of Medicine,8382,,,,9882,9882,16512,9382,9382,16012
430704,Texas College of Traditional Chinese Medicine,,,,,,,,,,
430810,New Hampshire Institute of Art,20490,32124,32124,32124,37490,37490,37490,23290,23290,23290
431983,Yeshiva of the Telshe Alumni,7900,16500,16500,16500,,,,,,
432199,DeVry College of New York,15188,,,,34240,34240,34240,22201,22201,22201
432214,DeVry University-Indiana,15188,,,,32394,32394,32394,22201,22201,22201
432533,The Art Institute of California-Los Angeles,18948,32001,32001,32001,35526,35526,35526,29136,29136,29136
434955,University of Phoenix-North Florida Campus,10858,,,,24247,24247,24247,18012,18012,18012
434982,University of Phoenix-Oklahoma City Campus,9859,,,,23248,23248,23248,17013,17013,17013
434991,University of Phoenix-Tulsa Campus,9859,,,,23248,23248,23248,17013,17013,17013
435000,Louisiana State University Health Sciences Center-Shreveport,,,,,,,,,,
436094,Argosy University-Phoenix,12612,,,,24224,24224,24224,21042,21042,21042
436836,University of Connecticut-Stamford,8884,,,,23434,23434,40330,12334,12334,29230
437097,University of Management and Technology (The),11820,,,,29020,29020,29020,14020,14020,14020
437316,Linfield College-Nursing & Health Sciences,,,,,,,,,,
437848,Westwood College-Anaheim,15020,,,,32679,32679,32679,27244,27244,27244
438382,University of Phoenix-Southern Colorado Campus,9859,,,,23248,23248,23248,17013,17013,17013
438586,American InterContinental University-Atlanta,16691,,,,28175,28175,28175,19991,19991,19991
439057,Argosy University-Seattle,12612,,,,27872,27872,27872,21042,21042,21042
439330,DeVry University-Maryland,15188,,,,34240,34240,34240,22201,22201,22201
439446,Atlantic Institute of Oriental Medicine,,,,,,,,,,
439613,Crossroads Bible College,12220,20220,20220,20220,29720,29720,29720,18920,18920,18920
439701,King's University,10080,,,,26265,26265,26265,15393,15393,15393
440341,The Art Institute of Washington,17796,34368,34368,34368,30708,30708,30708,27126,27126,27126
440439,University of Phoenix-Dallas Campus,11107,,,,24496,24496,24496,18261,18261,18261
440448,University of Phoenix-Houston Campus,11107,,,,24496,24496,24496,18261,18261,18261
440536,DeVry University-Virginia,15188,,,,34240,34240,34240,22201,22201,22201
440828,Oregon State University-Cascades Campus,,,,,,,,,,
441973,The Art Institute of California-Orange County,18948,34128,34128,34128,35526,35526,35526,29136,29136,29136
442143,University of Phoenix-Kansas City Campus,11107,,,,24496,24496,24496,18261,18261,18261
442152,University of Phoenix-Atlanta Campus,9859,,,,23248,23248,23248,17013,17013,17013
442161,University of Phoenix-Chicago Campus,10858,,,,24247,24247,24247,18012,18012,18012
442170,University of Phoenix-Nashville Campus,9859,,,,23248,23248,23248,17013,17013,17013
442189,University of Phoenix-Northern Virginia Campus,9859,,,,23248,23248,23248,17013,17013,17013
442569,Grantham University,6390,,,,16205,16205,16205,9158,9158,9158
442842,Pacific College of Oriental Medicine-Chicago,12335,,,,41507,41507,41507,20241,20241,20241
442949,Birthingway College of Midwifery,,,,,,,,,,
443049,Faith Evangelical College & Seminary,7560,,,,23120,23120,23120,12248,12248,12248
443340,Williamson Christian College,9035,,,,25535,25535,25535,14735,14735,14735
443465,University of Phoenix-Wichita Campus,10234,,,,23623,23623,23623,17388,17388,17388
443474,University of Phoenix-Charlotte Campus,10858,,,,24247,24247,24247,18012,18012,18012
443544,University of Phoenix-Indianapolis Campus,10858,,,,24247,24247,24247,18012,18012,18012
443687,Westwood College-Chicago Loop,14923,,,,31474,31474,31474,26426,26426,26426
443766,Strayer University-Tennessee,15480,,,,32049,32049,32049,21132,21132,21132
443881,University of Phoenix-Columbus Georgia Campus,10858,,,,24247,24247,24247,18012,18012,18012
443890,University of Phoenix-Memphis Campus,10858,,,,24247,24247,24247,18012,18012,18012
443924,University of Phoenix-Little Rock Campus,9859,,,,23248,23248,23248,17013,17013,17013
444398,Baptist University of the Americas,6600,17470,17470,17470,18830,18830,18830,10000,10000,10000
444413,Beis Medrash Heichal Dovid,8970,17470,17470,17470,25410,25410,25410,14820,14820,14820
444778,New Life Theological Seminary,7550,,,,24535,24535,24535,13683,13683,13683
444927,The Art Institute of Tucson,17616,31605,31605,31605,31056,31056,31056,27474,27474,27474
444990,Flagler College-Tallahassee,,,,,,,,,,
445072,Westwood College-Atlanta Midtown,14923,,,,31365,31365,31365,26336,26336,26336
445124,International Academy of Design and Technology-Troy,12825,,,,24549,24549,24549,18013,18013,18013
445133,American InterContinental University-Houston,14070,,,,25254,25254,25254,18958,18958,18958
445717,University of Phoenix-Central Valley Campus,11981,,,,25370,25370,25370,19135,19135,19135
446613,W L Bonner College,7152,12380,12380,12380,15804,15804,15804,9804,9804,9804
446640,Harrisburg University of Science and Technology,22500,35970,35970,35970,35050,35050,35050,25900,25900,25900
446701,University of Phoenix-Cheyenne Campus,9859,,,,23248,23248,23248,17013,17013,17013
446710,University of Phoenix-Springfield  Campus,9859,,,,23248,23248,23248,17013,17013,17013
446729,University of Phoenix-Des Moines Campus,10858,,,,24247,24247,24247,18012,18012,18012
446738,University of Phoenix-San Antonio Campus,11107,,,,24496,24496,24496,18261,18261,18261
446747,University of Phoenix-Austin Campus,11107,,,,24496,24496,24496,18261,18261,18261
447069,Westwood College-Arlington Ballston,15291,,,,33644,33644,33644,27966,27966,27966
447485,DeVry University-Oklahoma,15188,,,,32554,32554,32554,22201,22201,22201
447661,University of Phoenix-Northern Nevada Campus,10858,,,,24247,24247,24247,18012,18012,18012
447953,SUM Bible College and Theological Seminary,9120,20924,20924,20924,34724,34724,34724,15833,15833,15833
448284,Doane College-Lincoln Grand Island and Master,,,,,,,,,,
448309,Shorter University-College of Adult & Professional Programs,8100,,,,31000,31000,31000,14060,14060,14060
448521,University of Phoenix-Omaha Campus,9859,,,,23248,23248,23248,17013,17013,17013
448530,University of Phoenix-Northwest Arkansas Campus,9859,,,,23248,23248,23248,17013,17013,17013
448558,University of Phoenix-Madison Campus,9859,,,,23248,23248,23248,17013,17013,17013
448734,Argosy University-Denver,12612,,,,24224,24224,24224,21042,21042,21042
448804,The Robert B Miller College,,,,,,,,,,
448822,University of Phoenix-Fairfield County Campus,9859,,,,23248,23248,23248,17013,17013,17013
448840,University of South Florida-St. Petersburg Campus,5200,19990,19990,29180,19990,19990,29180,10800,10800,19990
449764,Visible Music College,20000,29400,29400,29400,20730,20730,20730,20130,20130,20130
449898,South University-Tampa,15910,,,,29100,29100,29100,25518,25518,25518
449931,Averett University-Non-Traditional Programs,8520,,,,24923,24923,24923,18853,18853,18853
450085,The Art Institute of Charleston,17796,33360,33360,33360,31236,31236,31236,27654,27654,27654
450377,Strayer University-Alabama,14625,,,,31194,31194,31194,20277,20277,20277
450456,University of Phoenix-Birmingham Campus,10858,,,,24247,24247,24247,18012,18012,18012
450474,University of Phoenix-Augusta Campus,9859,,,,23248,23248,23248,17013,17013,17013
450483,University of Phoenix-Washington DC Campus,9859,,,,23248,23248,23248,17013,17013,17013
450492,University of Phoenix-Chattanooga Campus,10858,,,,24247,24247,24247,18012,18012,18012
450508,DeVry University-Michigan,15188,,,,32394,32394,32394,22201,22201,22201
450517,DeVry University-Tennessee,15188,,,,32554,32554,32554,22201,22201,22201
450526,Argosy University-Inland Empire,12612,,,,26876,26876,26876,21196,21196,21196
450535,Argosy University-Nashville,12612,,,,24224,24224,24224,21042,21042,21042
450544,Argosy University-San Diego,12612,,,,26876,26876,26876,21042,21042,21042
451060,Digital Media Arts College,13968,,,,29911,29911,29911,20567,20567,20567
451404,Talmudical Seminary of Bobov,6200,,,,22590,22590,22590,12000,12000,12000
451820,The Art Institute of Austin,17768,30232,30232,30232,31108,31108,31108,27526,27526,27526
451848,The Art Institute of CaliforniaSunnyvale,18748,33400,33400,33400,35326,35326,35326,28936,28936,28936
453127,Strayer University-Kentucky,14805,,,,31374,31374,31374,20457,20457,20457
454184,The Kings College,29240,53990,53990,53990,49654,49654,49654,37097,37097,37097
454236,Chamberlain College of Nursing-Ohio,16490,,,,32783,32783,32783,22590,22590,22590
454245,Chamberlain College of Nursing-Arizona,16100,,,,34534,34534,34534,23203,23203,23203
454689,Taft University System,7395,,,,28150,28150,28150,11050,11050,11050
454856,Denver School of Nursing,14831,,,,30996,30996,30996,20115,20115,20115
455257,Yeshiva of Machzikai Hadas,6200,,,,22590,22590,22590,12000,12000,12000
455770,Providence Christian College,21444,35284,35284,35284,35764,35764,35764,26100,26100,26100
456348,Argosy University-Phoenix Online Division,19812,,,,41012,41012,41012,29012,29012,29012
456834,Globe University-Minneapolis,15660,,,,34542,34542,34542,21375,21375,21375
456959,University of Minnesota-Rochester,12692,21826,21826,21826,23614,23614,23614,15886,15886,15886
457129,Chamberlain College of Nursing-Florida,16100,,,,33556,33556,33556,23203,23203,23203
457484,New Hope Christian College,7592,16380,16380,16380,22005,22005,22005,12555,12555,12555
457697,City Vision College,,,,,,,,,,
458469,National University College-Ponce,6915,,,,17304,17304,21084,11693,11693,15473
458885,Strayer University-Arkansas,14805,,,,31374,31374,31374,20457,20457,20457
458937,Strayer University-Louisiana,14805,,,,31374,31374,31374,20457,20457,20457
458955,Strayer University-Mississippi,14805,,,,31374,31374,31374,20457,20457,20457
458964,Strayer University-South Carolina,14805,,,,31374,31374,31374,20457,20457,20457
458973,Strayer University-Texas,14805,,,,31374,31374,31374,20457,20457,20457
458982,The Art Institute of San Antonio,17868,32952,32952,32952,31308,31308,31308,27726,27726,27726
459268,South UniversityVirginia Beach,15910,,,,29050,29050,29050,25468,25468,25468
459994,Strayer University-Global Region,14805,,,,31374,31374,31374,20457,20457,20457
460075,California University of Management and Sciences,7510,,,,23410,23410,23410,11710,11710,11710
460349,Johnson & Wales University-Online,,,,,,,,,,
460738,American Sentinel University,9085,,,,19045,19045,19045,11301,11301,11301
460783,Remington College,14250,,,,23673,23673,23673,16509,16509,16509
460871,Chamberlain College of Nursing-Virginia,16100,,,,35242,35242,35242,23203,23203,23203
461032,Carolina Bible College,4725,,,,16813,16813,16813,5782,5782,5782
462354,John Paul the Great Catholic University,22200,39036,39036,39036,39036,39036,39036,31800,31800,31800
462363,ITT Technical Institute-Durham,18048,,,,29124,29124,29124,22003,22003,22003
462406,University of Phoenix-Delaware,9859,,,,23248,23248,23248,17013,17013,17013
466152,National American University-Tulsa,12792,,,,24831,24831,24831,17676,17676,17676
466189,National American University-Colorado Springs South,13238,,,,25277,25277,25277,18122,18122,18122
466930,Chamberlain College of Nursing-Texas,16100,,,,34534,34534,34534,23203,23203,23203
468015,South University-The Art Institute of Fort Worth,17868,,,,31308,31308,31308,27726,27726,27726
470092,Art Institute of Wisconsin (The),17796,,,,31236,31236,31236,27654,27654,27654
474702,University of Phoenix-Knoxville,9869,,,,23258,23258,23258,17023,17023,17023
474951,University of Phoenix-Baton Rouge,9859,,,,23248,23248,23248,17013,17013,17013
474960,University of Phoenix-Lafayette,9859,,,,23248,23248,23248,17013,17013,17013
474979,University of Phoenix-Shreveport-Bossier,9859,,,,23248,23248,23248,17013,17013,17013
475121,South UniversitySavannah Online,13567,,,,33162,33162,33162,22569,22569,22569
475185,Rio Grande Bible Institute,1794,6194,6194,6194,9044,9044,9044,2444,2444,2444
475273,Springfield College-School of Human Services,,,,,,,,,,
